Image_id,Image_Path,image_url_1,category,style,colors,gender,pattern,occasion,barcode,brand,fit,Type,lenghth
image_48920502040101,data/images_imputed\image_48920502040101.jpg,https://fotos.skm.be/article/489205/489205_02_642adb1670216c001194fc17.jpg,['shirt'],['casual'],"['magenta', 'white']",['female'],['shapes'],"['semi-formal', ' summer']",48920502040101,ETERNA,['Regular_Fit'],"['straight-sleeve', 'high-neck']","['short', 'long-sleeve']"
image_50792701020101,data/images_imputed\image_50792701020101.jpg,https://fotos.skm.be/article/507927/507927_01_6488eab8d7dc2e001087c0fd.jpg,['sweater'],['casual'],"['coral', 'magenta']",['female'],"['chevron', ' harlequin']",['winter'],50792701020101,Geisha,['Regular_Fit'],"['straight-sleeve', 'turtle-neck']","['short', 'long-sleeve']"
image_50593801040101,data/images_imputed\image_50593801040101.jpg,https://fotos.skm.be/article/505938/505938_01_64ff0a6c07ed590011484286.jpg,['trousers_and_chinos'],['business'],['gray'],['female'],['houndstooth'],['semi-formal'],50593801040101,TONI,['Slim_Fit'],"['high-waist', 'classic-trousers']",['full-length']
image_48794001050101,data/images_imputed\image_48794001050101.jpg,https://fotos.skm.be/article/487940/487940_01_620f7e302ec3e10012a2addf.jpg,['sweatshirt'],['casual'],"['bordeaux', 'gray']",['female'],"['marled', ' varsity-striped']","['home-lounge', ' winter']",48794001050101,Rabe,['Regular_Fit'],"['straight-sleeve', 'crew-neck']","['short', 'long-sleeve']"
image_49975101020101,data/images_imputed\image_49975101020101.jpg,https://fotos.skm.be/article/499751/499751_01_62695f6f6319310013a3eb14.jpg,['shirt'],['casual'],"['beige', 'black']",['female'],['geometric'],"['semi-formal', ' summer']",49975101020101,ONLY,['Regular_Fit'],['straight-sleeve'],"['short', 'long-sleeve']"
image_48216301080101,data/images_imputed\image_48216301080101.jpg,https://fotos.skm.be/article/482163/482163_01_61e76a1af1b23b0011f79dd8.jpg,['shirt'],['business'],"['lavander', 'white']",['male'],"['stripes', ' vertical-stripes']","['office', ' summer']",48216301080101,Doris Streich,['Regular_Fit'],"['straight-sleeve', 'v-neck']","['short', 'short-sleeve']"
image_48897601010101,data/images_imputed\image_48897601010101.jpg,https://fotos.skm.be/article/488976/488976_01_223966-110-1-WEB.jpg,['trousers_and_chinos'],['casual'],['black'],['female'],['plain'],"['casual', ' dating', ' formal', ' nightout', ' office', ' semi-formal']",48897601010101,Joseph Ribkoff,['Regular_Fit'],"['mid-waist', 'classic-trousers']",['full-length']
image_47756701050101,data/images_imputed\image_47756701050101.jpg,https://fotos.skm.be/article/477567/477567_01_617741aa93c6900011d300ed.jpg,['t-shirt'],['casual'],['ecru'],['female'],['plain'],['casual'],47756701050101,GERRY WEBER,['Slim_Fit'],['crew-neck'],['short']
image_49915002050101,data/images_imputed\image_49915002050101.jpg,https://fotos.skm.be/article/499150/499150_02_30307546_301963_500.jpg,['sweatshirt'],['casual'],"['blue', 'mint']",['female'],['horizontal-stripes'],['casual'],49915002050101,Part Two,['Oversized_Fit'],"['straight-sleeve', 'boat-neck']","['thigh-length', 'long-sleeve']"
image_50004501080101,data/images_imputed\image_50004501080101.jpg,https://fotos.skm.be/article/500045/500045_01_6386ac32741f4a00110a2110.jpg,['shirt'],['casual'],"['blue', 'silver']",['female'],['brush-stroke'],['casual'],50004501080101,Doris Streich,['Regular_Fit'],"['straight-sleeve', 'v-neck']","['short', 'short-sleeve']"
image_48130301020101,data/images_imputed\image_48130301020101.jpg,https://fotos.skm.be/article/481303/481303_01_8057590003036---WA2461J6308R9020-S-AF-N-N-08-N.jpg,['t-shirt'],['casual'],['white'],['male'],['plain'],['casual'],48130301020101,Liu Jo Denim,['Regular_Fit'],['crew-neck'],['short']
image_49504803020101,data/images_imputed\image_49504803020101.jpg,https://fotos.skm.be/article/495048/495048_03_62edf860ae6a5d0011dff4ac.jpg,['jeans'],['casual'],['khaki'],['female'],['vertical-stripes'],"['casual', ' nightout', ' semi-formal']",49504803020101,BRAX,['Slim_Fit'],['high-waist'],['full-length']
image_50756301030101,data/images_imputed\image_50756301030101.jpg,https://fotos.skm.be/article/507563/507563_01_prevude-trui.jpg,['sweatshirt'],['casual'],['orange'],['female'],['varsity-striped'],['casual'],50756301030101,CKS,['Oversized_Fit'],"['puff-sleeve', 'v-neck']","['short', 'long-sleeve']"
image_50062101040101,data/images_imputed\image_50062101040101.jpg,https://fotos.skm.be/article/500621/500621_01_637b9febef53450010de7266.jpg,['sweater'],['casual'],['ecru'],['unisex'],['stripes'],['casual'],50062101040101,Marc Cain,['Oversized_Fit'],"['straight-sleeve', 'high-neck']","['short', 'long-sleeve']"
image_50782201050101,data/images_imputed\image_50782201050101.jpg,https://fotos.skm.be/article/507822/507822_01_64f01017f24f750011208c30.jpg,['tops'],['casual'],"['blue', 'navy']",['female'],['geometric'],['casual'],50782201050101,GERRY WEBER,['Regular_Fit'],"['straight-sleeve', 'crew-neck']","['short', 'long-sleeve']"
image_48523101030101,data/images_imputed\image_48523101030101.jpg,https://fotos.skm.be/article/485231/485231_01_8553_07117001_1.jpg,['tank-top'],['casual'],"['mustard', 'orange']",['female'],"['chevron', ' net']","['casual', ' summer']",48523101030101,King Louie,['Slim_Fit'],"['round-neck', 'sleeveless']",['cropped']
image_51232501020101,data/images_imputed\image_51232501020101.jpg,https://fotos.skm.be/article/512325/512325_01_64c5d917b2c25f00112f1816.jpg,['coat'],['casual'],"['ecru', 'gray']",['female'],['marled'],['casual'],51232501020101,ESPRIT,['Oversized_Fit'],"['straight-sleeve', 'high-neck', 'everyday-overclothes']","['thigh-length', 'long-sleeve']"
image_50391702080101,data/images_imputed\image_50391702080101.jpg,https://fotos.skm.be/article/503917/503917_02_3960-1.jpg,['t-shirt'],['casual'],['orange'],['female'],['plain'],['casual'],50391702080101,Verpass,['Regular_Fit'],['round-neck'],['short']
image_48961301020101,data/images_imputed\image_48961301020101.jpg,https://fotos.skm.be/article/489613/489613_01_Large-22153988-FNT.jpg,['trousers_and_chinos'],['casual'],['black'],['unisex'],['plain'],"['dating', ' nightout', ' semi-formal']",48961301020101,Scotch & Soda,['Regular_Fit'],"['mid-waist', 'classic-trousers']",['full-length']
image_50768401020101,data/images_imputed\image_50768401020101.jpg,https://fotos.skm.be/article/507684/507684_01_W3YN30_D4MSL_AVPR_1.jpg,['jacket'],['casual'],['blue'],['male'],['bleached'],['casual'],50768401020101,Guess,['Slim_Fit'],"['straight-sleeve', 'cutaway', 'denim-overclothes']","['cropped', 'long-sleeve']"
image_50951301030101,data/images_imputed\image_50951301030101.jpg,https://fotos.skm.be/article/509513/509513_01_456826-1.jpg,['trousers_and_chinos'],['business'],"['coral', 'gray']",['unisex'],"['glen-check', ' tartan']","['casual', ' semi-formal']",50951301030101,Kocca,['Slim_Fit'],"['mid-waist', 'classic-trousers']",['3-4-long']
image_48609901080101,data/images_imputed\image_48609901080101.jpg,https://fotos.skm.be/article/486099/486099_01_61b0db4f8e393000158968d8.jpg,['t-shirt'],['casual'],"['beige', 'orange']",['female'],"['floral', ' stripes']",['casual'],48609901080101,Via Appia Due,['Regular_Fit'],['crew-neck'],['short']
image_50265801050101,data/images_imputed\image_50265801050101.jpg,https://fotos.skm.be/article/502658/502658_01_89913-11-2525_01.jpg,['trousers_and_chinos'],['casual'],['nan'],['unisex'],"['geometric', ' shapes']",['casual'],50265801050101,Xandres Gold,['Regular_Fit'],"['high-waist', 'chinos']",['full-length']
image_48958001020101,data/images_imputed\image_48958001020101.jpg,https://fotos.skm.be/article/489580/489580_01_62b20696144d390011372c5a.jpg,['t-shirt'],['casual'],"['ecru', 'white']",['female'],['horizontal-stripes'],['casual'],48958001020101,Scotch & Soda,['Oversized_Fit'],['boat-neck'],['short']
image_48441001020101,data/images_imputed\image_48441001020101.jpg,https://fotos.skm.be/article/484410/484410_01_P22PMA6775AAUN0000_10010.jpg,['t-shirt'],['casual'],"['beige', 'ecru']",['female'],['plain'],"['casual', ' dating', ' summer']",48441001020101,Kocca,['Regular_Fit'],['boat-neck'],['cropped']
image_47757106050101,data/images_imputed\image_47757106050101.jpg,https://fotos.skm.be/article/477571/477571_06_61fe800d9747cc00115bbf90.jpg,['tank-top'],['casual'],['bordeaux'],['female'],['plain'],"['dating', ' nightout']",47757106050101,GERRY WEBER,['Regular_Fit'],"['round-neck', 'sleeveless']",['short']
image_49826201270101,data/images_imputed\image_49826201270101.jpg,https://fotos.skm.be/article/498262/498262_01_63a07a3c77b1740011d4fa6d.jpg,['trousers_and_chinos'],['casual'],['navy'],['male'],['plain'],['casual'],49826201270101,Scotch & Soda,['Regular_Fit'],"['mid-waist', 'classic-trousers']",['full-length']
image_49669201050101,data/images_imputed\image_49669201050101.jpg,https://fotos.skm.be/article/496692/496692_01_62fa10a6febfb200108c6127.jpg,['t-shirt'],['casual'],"['green', 'yellow']",['male'],"['animals', ' shapes', ' text-print']",['casual'],49669201050101,Rabe,['Oversized_Fit'],['crew-neck'],['short']
image_50831401080101,data/images_imputed\image_50831401080101.jpg,https://fotos.skm.be/article/508314/508314_01_6440cbc060083c0011997007.jpg,['jeans'],['casual'],['black'],['female'],['glitter'],['casual'],50831401080101,Doris Streich,['Slim_Fit'],['high-waist'],['full-length']
image_49039701410101,data/images_imputed\image_49039701410101.jpg,https://fotos.skm.be/article/490397/490397_01_1304795-210-MF.jpg,['trousers_and_chinos'],['casual'],['black'],['female'],['plain'],"['dating', ' formal', ' nightout', ' semi-formal', ' winter']",49039701410101,Yoek,['Regular_Fit'],"['mid-waist', 'classic-trousers']",['full-length']
image_50198603050101,data/images_imputed\image_50198603050101.jpg,https://fotos.skm.be/article/501986/501986_03_636ac81415252c00117ac32d.jpg,['t-shirt'],['casual'],"['ecru', 'lavander']",['female'],"['animals', ' fruits']",['casual'],50198603050101,Bianca,['Regular_Fit'],['crew-neck'],['short']
image_47965502060101,data/images_imputed\image_47965502060101.jpg,https://fotos.skm.be/article/479655/479655_02_638fda4d363662001134a44b.jpg,['trousers_and_chinos'],['feminine'],['white'],['female'],['plain'],"['dating', ' formal', ' nightout', ' office', ' semi-formal', ' sport']",47965502060101,Joseph Ribkoff,['Regular_Fit'],"['high-waist', 'classic-trousers']",['full-length']
image_48466703020101,data/images_imputed\image_48466703020101.jpg,https://fotos.skm.be/article/484667/484667_03_MLW1604V_Z129_1.jpg,['hoodie'],['casual'],"['beige', 'ecru']",['female'],['plain'],"['casual', ' home-lounge']",48466703020101,Lyle & Scott,['Oversized_Fit'],['straight-sleeve'],"['short', 'long-sleeve']"
image_51074801010101,data/images_imputed\image_51074801010101.jpg,https://fotos.skm.be/article/510748/510748_01_64d2a86f1052df001154da34.jpg,['trousers_and_chinos'],['business'],['gray'],['female'],"['glen-check', ' windowpane']",['semi-formal'],51074801010101,RAPHAELA by BRAX,['Slim_Fit'],"['mid-waist', 'classic-trousers']",['full-length']
image_49761801050101,data/images_imputed\image_49761801050101.jpg,https://fotos.skm.be/article/497618/497618_01_63ca0bc14126a000114ca6ff.jpg,['jacket'],['casual'],['coral'],['female'],['quilted'],"['casual', ' winter']",49761801050101,GERRY WEBER,['Regular_Fit'],"['straight-sleeve', 'cutaway', 'leather-overclothes']","['thigh-length', 'long-sleeve']"
image_50831501080101,data/images_imputed\image_50831501080101.jpg,https://fotos.skm.be/article/508315/508315_01_6440ca996acad80011ae9278.jpg,['shirt'],['casual'],['emerald-green'],['female'],"['leaf', ' natural']","['dating', ' summer']",50831501080101,Doris Streich,['Regular_Fit'],"['straight-sleeve', 'round-neck']","['short', 'short-sleeve']"
image_50093501020101,data/images_imputed\image_50093501020101.jpg,https://fotos.skm.be/article/500935/500935_01_63d859e11914550011f3494b.jpg,['trousers_and_chinos'],['casual'],['white'],['female'],['plain'],['casual'],50093501020101,BRAX,['Regular_Fit'],"['mid-waist', 'classic-trousers']",['full-length']
image_47933101040101,data/images_imputed\image_47933101040101.jpg,https://fotos.skm.be/article/479331/479331_01_616ed3dc46abed00114d61cc.jpg,['tops'],['casual'],"['beige', 'mustard']",['female'],"['fruits', ' leaf']",['casual'],47933101040101,Betty Barclay,['Regular_Fit'],"['flutter-sleeve', 'crew-neck']",['short']
image_49894801040101,data/images_imputed\image_49894801040101.jpg,https://fotos.skm.be/article/498948/498948_01_6057PINK30235GRWEBSHOP2.jpg,['trousers_and_chinos'],['casual'],['nan'],['unisex'],['plain'],"['casual', ' dating', ' nightout']",49894801040101,Four Roses,['Slim_Fit'],"['mid-waist', 'classic-trousers']",['3-4-long']
image_51083801030101,data/images_imputed\image_51083801030101.jpg,https://fotos.skm.be/article/510838/510838_01_W3BR26Z3AE0_F02T.png,['jeans'],['modest'],['navy'],['female'],['plain'],['casual'],51083801030101,Guess,['Slim_Fit'],['mid-waist'],['bottoms-length-undefined']
image_48618101020101,data/images_imputed\image_48618101020101.jpg,https://fotos.skm.be/article/486181/486181_01_rl22s-c9010_a-000_be_f.jpg,['sweatshirt'],['casual'],"['black', 'white']",['female'],['horizontal-stripes'],"['casual', ' home-lounge']",48618101020101,River Woods,['Regular_Fit'],"['dolman-sleeve', 'boat-neck']","['short', 'long-sleeve']"
image_49826802020101,data/images_imputed\image_49826802020101.jpg,https://fotos.skm.be/article/498268/498268_02_63a073d8fcadd10011aaf34e.jpg,['t-shirt'],['casual'],['white'],['unisex'],['plain'],['casual'],49826802020101,Scotch & Soda,['Regular_Fit'],['crew-neck'],['cropped']
image_51165903020101,data/images_imputed\image_51165903020101.jpg,https://fotos.skm.be/article/511659/511659_03_28826-01-9220_01.jpg,['sweater'],['casual'],['navy'],['female'],['vertical-stripes'],"['casual', ' home-lounge', ' winter']",51165903020101,Xandres,['Oversized_Fit'],"['straight-sleeve', 'boat-neck']","['cropped', '3-4-sleeve']"
image_50497901020101,data/images_imputed\image_50497901020101.jpg,https://fotos.skm.be/article/504979/504979_01_63a079a0a0c66a0011c83ea9.jpg,['tank-top'],['casual'],['green'],['female'],['plain'],['casual'],50497901020101,Scotch & Soda,['Regular_Fit'],"['sweetheart-neck', 'straps']",['cropped']
image_51193101050101,data/images_imputed\image_51193101050101.jpg,https://fotos.skm.be/article/511931/511931_01_490056_ws1_lr.jpg,['blouse'],['casual'],"['beige', 'ecru']",['female'],['vertical-stripes'],['casual'],51193101050101,Marie Méro,['Oversized_Fit'],['flare-sleeve'],"['short', 'long-sleeve']"
image_51128401020101,data/images_imputed\image_51128401020101.jpg,https://fotos.skm.be/article/511284/511284_01_Liu-Jo_FallWinter-2023_Ltivoryltgold_TF3309MA07GA7280.jpg,['sweater'],['casual'],['ecru'],['female'],['chevron'],"['home-lounge', ' winter']",51128401020101,Liu Jo Sport,['Oversized_Fit'],"['dolman-sleeve', 'v-neck']","['thigh-length', 'long-sleeve']"
image_51162801030101,data/images_imputed\image_51162801030101.jpg,https://fotos.skm.be/article/511628/511628_01_Hires-23166859-FNT.jpg,['shirt'],['casual'],['turquoise'],['male'],['marled'],['casual'],51162801030101,Scotch & Soda,['Oversized_Fit'],"['straight-sleeve', 'polo']","['short', 'long-sleeve']"
image_50084603020101,data/images_imputed\image_50084603020101.jpg,https://fotos.skm.be/article/500846/500846_03_63d859019589d30011402df4.jpg,['trousers_and_chinos'],['business'],['ecru'],['unisex'],['plain'],"['nightout', ' office', ' semi-formal']",50084603020101,RAPHAELA by BRAX,['Slim_Fit'],"['high-waist', 'classic-trousers']",['3-4-long']
image_49024002050101,data/images_imputed\image_49024002050101.jpg,https://fotos.skm.be/article/490240/490240_02_6271e099307cfd0011523959.jpg,['blouse'],['casual'],['ecru'],['female'],['plain'],['casual'],49024002050101,GERRY WEBER,['Oversized_Fit'],"['dolman-sleeve', 'boat-neck']","['short', '3-4-sleeve']"
image_50315801030101,data/images_imputed\image_50315801030101.jpg,https://fotos.skm.be/article/503158/503158_01_2022_10_04_Heart_MIND_Looks65385.jpg,['trousers_and_chinos'],['casual'],['pink'],['female'],['plain'],"['casual', ' dating', ' home-lounge']",50315801030101,Heart Mind,['Oversized_Fit'],"['high-waist', 'classic-trousers']",['bottoms-length-undefined']
image_50339601040101,data/images_imputed\image_50339601040101.jpg,https://fotos.skm.be/article/503396/503396_01_04-04d.jpg,['t-shirt'],['casual'],"['orange', 'red']",['unisex'],"['chevron', ' geometric']",['casual'],50339601040101,Caroline Biss,['Regular_Fit'],['square-neck'],['short']
image_49177701030101,data/images_imputed\image_49177701030101.jpg,https://fotos.skm.be/article/491777/491777_01_60873-01-0040_01.jpg,['jacket'],['punk'],['black'],['female'],['plain'],['casual'],49177701030101,Xandres,['Regular_Fit'],"['straight-sleeve', 'polo', 'leather-overclothes']","['short', 'long-sleeve']"
image_50750301030101,data/images_imputed\image_50750301030101.jpg,https://fotos.skm.be/article/507503/507503_01_pastinac-trui.jpg,['sweater'],['casual'],"['blue', 'coral']",['male'],"['horizontal-stripes', ' shapes']",['casual'],50750301030101,CKS,['Oversized_Fit'],"['straight-sleeve', 'crew-neck']","['short', 'long-sleeve']"
image_50121501020101,data/images_imputed\image_50121501020101.jpg,https://fotos.skm.be/article/501215/501215_01_8055130403889---TA3194J699810604-I-AF-N-R-1-N-1.jpg,['tank-top'],['casual'],['white'],['female'],['abstract'],"['casual', ' nightout', ' summer']",50121501020101,Liu Jo Sport,['Regular_Fit'],"['crew-neck', 'sleeveless']",['short']
image_48530401010101,data/images_imputed\image_48530401010101.jpg,https://fotos.skm.be/article/485304/485304_01_WhatsApp-Image-2022-02-09-at-19-32-23-2-.jpeg,['cardigan'],['casual'],['nan'],['female'],['plain'],['casual'],48530401010101,Black Rose,['Regular_Fit'],"['straight-sleeve', 'v-neck']","['short', 'long-sleeve']"
image_48806901050101,data/images_imputed\image_48806901050101.jpg,https://fotos.skm.be/article/488069/488069_01_61e5940a4f7b6d0011800a74.jpg,['polo-shirt'],['bohemian'],"['blue', 'red']",['male'],['windowpane'],"['formal', ' office', ' summer']",48806901050101,Rabe,['Regular_Fit'],['straight-sleeve'],"['short', 'short-sleeve']"
image_48466701020101,data/images_imputed\image_48466701020101.jpg,https://fotos.skm.be/article/484667/484667_01_MLW1604V_W608_1.jpg,['hoodie'],['casual'],['gray'],['male'],"['plain', ' varsity-striped']",['casual'],48466701020101,Lyle & Scott,['Regular_Fit'],['straight-sleeve'],"['short', 'long-sleeve']"
image_50799401020101,data/images_imputed\image_50799401020101.jpg,https://fotos.skm.be/article/507994/507994_01_646b8cfaec5b030011ae4b19.jpg,['overclothes-sleeveless'],['casual'],['white'],['unisex'],['quilted'],['casual'],50799401020101,Tommy Hilfiger,['Regular_Fit'],"['hooded', 'vests']",['short']
image_49864301040101,data/images_imputed\image_49864301040101.jpg,https://fotos.skm.be/article/498643/498643_01_2022_10_21_Just_Eve_Studio79042.jpg,['overclothes-sleeveless'],['casual'],"['lavander', 'white']",['female'],"['geometric', ' shapes']","['dating', ' nightout', ' summer']",49864301040101,JustEve,['Regular_Fit'],"['v-neck', 'waistcoat']",['short']
image_48902401050101,data/images_imputed\image_48902401050101.jpg,https://fotos.skm.be/article/489024/489024_01_black-lissaspw-broek.jpg,['trousers_and_chinos'],['casual'],['black'],['female'],['plain'],['casual'],48902401050101,Part Two,['Oversized_Fit'],"['mid-waist', 'classic-trousers']",['full-length']
image_49011601070101,data/images_imputed\image_49011601070101.jpg,https://fotos.skm.be/article/490116/490116_01_620670d909a0000011108c5e.jpg,['trousers_and_chinos'],['casual'],['magenta'],['female'],['plain'],['casual'],49011601070101,ONLY Carmakoma,['Slim_Fit'],"['high-waist', 'classic-trousers']",['3-4-long']
image_50119401030101,data/images_imputed\image_50119401030101.jpg,https://fotos.skm.be/article/501194/501194_01_8055130257710---TA3192TS42322222-I-AF-N-R-1-N.jpg,['trousers_and_chinos'],['casual'],['black'],['female'],['plain'],"['casual', ' semi-formal']",50119401030101,Liu Jo Sport,['Slim_Fit'],"['mid-waist', 'classic-trousers']",['3-4-long']
image_50210402080101,data/images_imputed\image_50210402080101.jpg,https://fotos.skm.be/article/502104/502104_02_63887302b7ba6d0011af4711.jpg,['cardigan'],['business'],['blue'],['female'],"[""bird's-eye""]",['winter'],50210402080101,Frapp,['Regular_Fit'],"['straight-sleeve', 'round-v-neck']","['thigh-length', 'long-sleeve']"
image_49015801020101,data/images_imputed\image_49015801020101.jpg,https://fotos.skm.be/article/490158/490158_01_eldodeep-t-shirt-met-driekwart-mouwen.jpg,['tops'],['casual'],['coral'],['female'],['plain'],['casual'],49015801020101,CKS,['Oversized_Fit'],"['flutter-sleeve', 'v-neck']","['thigh-length', 'short-sleeve']"
image_50090805020101,data/images_imputed\image_50090805020101.jpg,https://fotos.skm.be/article/500908/500908_05_63d859d072680d0011081d7b.jpg,['jeans'],['casual'],['green'],['female'],['plain'],['casual'],50090805020101,BRAX,['Slim_Fit'],['high-waist'],['full-length']
image_48960101020101,data/images_imputed\image_48960101020101.jpg,https://fotos.skm.be/article/489601/489601_01_62b20406bf0078001120adc7.jpg,['jeans'],['casual'],['gray'],['male'],['bleached'],['casual'],48960101020101,Scotch & Soda,['Slim_Fit'],['mid-waist'],['full-length']
image_48759802040101,data/images_imputed\image_48759802040101.jpg,https://fotos.skm.be/article/487598/487598_02_62e69d1084914a0012e3ec97.jpg,['sweatshirt'],['casual'],['beige'],['female'],['marled'],['casual'],48759802040101,Marc Cain,['Slim_Fit'],"['straight-sleeve', 'turtle-neck']","['short', 'long-sleeve']"
image_49334501080101,data/images_imputed\image_49334501080101.jpg,https://fotos.skm.be/article/493345/493345_01_602575fa98e9a60011b44fe2.jpg,['jeans'],['casual'],['gray'],['female'],['bleached'],['casual'],49334501080101,Tom Tailor,['Slim_Fit'],['mid-waist'],['full-length']
image_51147902040101,data/images_imputed\image_51147902040101.jpg,https://fotos.skm.be/article/511479/511479_02_64beabb7cca094001123cf30.jpg,['jacket'],['casual'],['gray'],['unisex'],['quilted'],['winter'],51147902040101,Milestone,['Oversized_Fit'],"['straight-sleeve', 'hooded', 'puffer']","['thigh-length', 'long-sleeve']"
image_50502102020101,data/images_imputed\image_50502102020101.jpg,https://fotos.skm.be/article/505021/505021_02_Schermafbeelding-2023-04-26-131726.jpg,['t-shirt'],['casual'],['navy'],['female'],['marled'],['casual'],50502102020101,Pepe Jeans,['Oversized_Fit'],['v-neck'],['short']
image_48799601050101,data/images_imputed\image_48799601050101.jpg,https://fotos.skm.be/article/487996/487996_01_62857cdf80c7f500112f7a2c.jpg,['tops'],['casual'],"['black', 'white']",['female'],['horizontal-stripes'],"['casual', ' home-lounge']",48799601050101,GERRY WEBER EDITION,['Regular_Fit'],"['straight-sleeve', 'crew-neck']","['short', 'long-sleeve']"
image_48999502020101,data/images_imputed\image_48999502020101.jpg,https://fotos.skm.be/article/489995/489995_02_6175f8a5aca7390011445b7d.jpg,['jacket'],['casual'],['gray'],['unisex'],['quilted'],['casual'],48999502020101,VERO MODA,['Regular_Fit'],"['straight-sleeve', 'hooded', 'trenchcoat']","['thigh-length', 'long-sleeve']"
image_47984801020101,data/images_imputed\image_47984801020101.jpg,https://fotos.skm.be/article/479848/479848_01_701395-9001_700x.jpg,['tops'],['casual'],['white'],['female'],"['chevron', ' geometric', ' shapes']","['home-lounge', ' winter']",47984801020101,Nümph,['Oversized_Fit'],"['dolman-sleeve', 'boat-neck']","['thigh-length', 'long-sleeve']"
image_49564705020101,data/images_imputed\image_49564705020101.jpg,https://fotos.skm.be/article/495647/495647_05_62b6f5e6982c5900116fb5bc.jpg,['trousers_and_chinos'],['casual'],['mustard'],['female'],['plain'],"['dating', ' nightout', ' semi-formal']",49564705020101,BRAX,['Slim_Fit'],"['high-waist', 'chinos']",['full-length']
image_50922501020101,data/images_imputed\image_50922501020101.jpg,https://fotos.skm.be/article/509225/509225_01_6347bde52c23650011633cc5.jpg,['sweater'],['casual'],"['green', 'neon']",['female'],"['geometric', ' shapes']","['home-lounge', ' winter']",50922501020101,ONLY,['Regular_Fit'],"['straight-sleeve', 'crew-neck']","['cropped', 'long-sleeve']"
image_51021801050101,data/images_imputed\image_51021801050101.jpg,https://fotos.skm.be/article/510218/510218_01_234186-4180-2-WEB.jpg,['blouse'],['casual'],['emerald-green'],['male'],['glitter'],['casual'],51021801050101,Joseph Ribkoff,['Regular_Fit'],"['straight-sleeve', 'high-neck']","['short', 'long-sleeve']"
image_49838001030101,data/images_imputed\image_49838001030101.jpg,https://fotos.skm.be/article/498380/498380_01_SLT275-8075_01C4.jpg,['t-shirt'],['casual'],"['blue', 'pastel']",['female'],['fruits'],['casual'],49838001030101,Bloomings,['Slim_Fit'],['round-neck'],['short']
image_50198601050101,data/images_imputed\image_50198601050101.jpg,https://fotos.skm.be/article/501986/501986_01_636ac815ebb4580010eeb8e4.jpg,['t-shirt'],['casual'],"['black', 'navy']",['female'],"['animals', ' fruits']",['casual'],50198601050101,Bianca,['Regular_Fit'],['crew-neck'],['short']
image_51138902030101,data/images_imputed\image_51138902030101.jpg,https://fotos.skm.be/article/511389/511389_02_08380806_1.jpg,['blouse'],['casual'],['yellow'],['female'],['abstract'],['casual'],51138902030101,King Louie,['Regular_Fit'],"['straight-sleeve', 'high-neck']","['short', 'long-sleeve']"
image_49108101040101,data/images_imputed\image_49108101040101.jpg,https://fotos.skm.be/article/491081/491081_01_4240-32.jpg,['sweater'],['casual'],['brown'],['female'],['vertical-stripes'],"['casual', ' winter']",49108101040101,Caroline Biss,['Regular_Fit'],"['puff-sleeve', 'turtle-neck']","['short', 'long-sleeve']"
image_48928301020101,data/images_imputed\image_48928301020101.jpg,https://fotos.skm.be/article/489283/489283_01_W2YH10_WD8G2_G7HC_1.jpg,['sweatshirt'],['casual'],['navy'],['female'],['plain'],['casual'],48928301020101,Guess,['Regular_Fit'],"['straight-sleeve', 'boat-neck', 'everyday-sweatshirt']","['cropped', 'long-sleeve']"
image_47994601030101,data/images_imputed\image_47994601030101.jpg,https://fotos.skm.be/article/479946/479946_01_607070b70cbb3d00104cba61.jpg,['trousers_and_chinos'],['casual'],['khaki'],['female'],['gingham'],"['casual', ' semi-formal']",47994601030101,SELECTED FEMME,['Flared_Fit'],"['high-waist', 'classic-trousers']",['full-length']
image_48130801040101,data/images_imputed\image_48130801040101.jpg,https://fotos.skm.be/article/481308/481308_01_8050885999120---WA2529T3073C3043-I-AF-N-R-01-N.jpg,['shirt'],['casual'],"['pink', 'white']",['female'],"['stripes', ' vertical-stripes']",['casual'],48130801040101,Liu Jo Denim,['Oversized_Fit'],"['dolman-sleeve', 'cutaway']","['short', 'long-sleeve']"
image_48211105080101,data/images_imputed\image_48211105080101.jpg,https://fotos.skm.be/article/482111/482111_05_6386abb8e0e05d00110c3b61.jpg,['trousers_and_chinos'],['casual'],"['blue', 'pastel']",['female'],['plain'],"['casual', ' nightout']",48211105080101,Doris Streich,['Slim_Fit'],"['high-waist', 'classic-trousers']",['3-4-long']
image_49607101020101,data/images_imputed\image_49607101020101.jpg,https://fotos.skm.be/article/496071/496071_01_6306d979f578880013c0ccbc.jpg,['sweater'],['casual'],['mustard'],['female'],['vertical-stripes'],"['casual', ' home-lounge', ' winter']",49607101020101,ESPRIT,['Oversized_Fit'],"['straight-sleeve', 'turtle-neck']","['cropped', 'long-sleeve']"
image_50669501040101,data/images_imputed\image_50669501040101.jpg,https://fotos.skm.be/article/506695/506695_01_64985b44aabdc700117051cb.jpg,['blouse'],['casual'],"['coral', 'gray']",['female'],"['animal-print', ' zebra']","['casual', ' dating', ' nightout']",50669501040101,Marc Cain Sports,['Regular_Fit'],"['straight-sleeve', 'crew-neck']","['short', 'long-sleeve']"
image_51291101080101,data/images_imputed\image_51291101080101.jpg,https://fotos.skm.be/article/512911/512911_01_3065-091.jpg,['blouse'],['casual'],"['black', 'brown']",['unisex'],"['stripes', ' vertical-stripes']","['home-lounge', ' winter']",51291101080101,Verpass,['Oversized_Fit'],"['straight-sleeve', 'crew-neck']","['thigh-length', 'long-sleeve']"
image_51568901050101,data/images_imputed\image_51568901050101.jpg,https://fotos.skm.be/article/515689/515689_01_64f7f2f3201f7c0010b67d5b.jpg,['trousers_and_chinos'],['feminine'],['purple'],['female'],['plain'],"['dating', ' nightout', ' semi-formal']",51568901050101,GERRY WEBER,['Regular_Fit'],"['mid-waist', 'classic-trousers']",['full-length']
image_49791501110101,data/images_imputed\image_49791501110101.jpg,https://fotos.skm.be/article/497915/497915_01_449248-1.jpg,['jacket'],['casual'],['emerald-green'],['female'],"['chevron', ' quilted']","['casual', ' winter']",49791501110101,HOX Italia,['Regular_Fit'],"['straight-sleeve', 'hooded', 'everyday-overclothes']","['thigh-length', '3-4-sleeve']"
image_49958901020101,data/images_imputed\image_49958901020101.jpg,https://fotos.skm.be/article/499589/499589_01_SU23-lookbook-portrait-zonder10.jpg,['trousers_and_chinos'],['casual'],['green'],['male'],['plain'],"['casual', ' dating']",49958901020101,Hampton Bays,['Oversized_Fit'],"['high-waist', 'classic-trousers']",['bottoms-length-undefined']
image_50496701030101,data/images_imputed\image_50496701030101.jpg,https://fotos.skm.be/article/504967/504967_01_63a07c4d8ffa20001000a1c5.jpg,['shirt'],['feminine'],"['green', 'khaki']",['unisex'],"['floral', ' leaf']",['summer'],50496701030101,Scotch & Soda,['Oversized_Fit'],"['dolman-sleeve', 'round-neck']","['short', 'short-sleeve']"
image_48122101030101,data/images_imputed\image_48122101030101.jpg,https://fotos.skm.be/article/481221/481221_01_8050885695732---UA2013D418878158-I-AR-N-R-02-N.jpg,['jeans'],['casual'],['navy'],['female'],"['bleached', ' plain']",['casual'],48122101030101,Liu Jo,['Slim_Fit'],['mid-waist'],['full-length']
image_50267401060101,data/images_imputed\image_50267401060101.jpg,https://fotos.skm.be/article/502674/502674_01_81949-01-1840_01.jpg,['trousers_and_chinos'],['casual'],['ecru'],['female'],['marled'],['casual'],50267401060101,Xandres Gold,['Slim_Fit'],"['high-waist', 'classic-trousers']",['3-4-long']
image_48788501050101,data/images_imputed\image_48788501050101.jpg,https://fotos.skm.be/article/487885/487885_01_62687b9bd8be0d00112c063d.jpg,['sweatshirt'],['casual'],"['black', 'white']",['male'],['chevron'],['casual'],48788501050101,GERRY WEBER,['Regular_Fit'],"['straight-sleeve', 'high-neck', 'everyday-sweatshirt']","['short', 'long-sleeve']"
image_48121901030101,data/images_imputed\image_48121901030101.jpg,https://fotos.skm.be/article/481219/481219_01_8050885690539---UA2006D453878287-I-AF-N-B-01-N.jpg,['jeans'],['casual'],['blue'],['unisex'],['bleached'],"['casual', ' summer']",48121901030101,Liu Jo,['Slim_Fit'],['mid-waist'],['3-4-long']
image_48039201040101,data/images_imputed\image_48039201040101.jpg,https://fotos.skm.be/article/480392/480392_01_21-222-HATOU-552_B.jpg,['shirt'],['casual'],"['blue', 'khaki', 'pastel']",['female'],['plain'],['casual'],48039201040101,Gigue,['Regular_Fit'],"['straight-sleeve', 'polo']","['cropped', 'long-sleeve']"
image_51108501040101,data/images_imputed\image_51108501040101.jpg,https://fotos.skm.be/article/511085/511085_01_11-423-499-575-b-648adb42029c4.jpg,['trousers_and_chinos'],['casual'],['navy'],['male'],['plain'],['casual'],51108501040101,Terre Bleue,['Slim_Fit'],"['mid-waist', 'classic-trousers']",['full-length']
image_48799701050101,data/images_imputed\image_48799701050101.jpg,https://fotos.skm.be/article/487997/487997_01_6271c4e5eee21f0011d5128e.jpg,['cardigan'],['business'],['blue'],['female'],['vertical-stripes'],['casual'],48799701050101,GERRY WEBER EDITION,['Regular_Fit'],"['straight-sleeve', 'v-neck']","['short', 'long-sleeve']"
image_50914201070101,data/images_imputed\image_50914201070101.jpg,https://fotos.skm.be/article/509142/509142_01_636c5f3955786c00111990e9.jpg,['blouse'],['casual'],['beige'],['female'],['animal-print'],"['casual', ' dating', ' home-lounge']",50914201070101,ONLY Carmakoma,['Oversized_Fit'],"['straight-sleeve', 'round-neck']","['thigh-length', 'short-sleeve']"
image_48349801030101,data/images_imputed\image_48349801030101.jpg,https://fotos.skm.be/article/483498/483498_01_13987-01-0941_01.jpg,['blazer'],['business'],['blue'],['female'],['graph-check'],"['formal', ' office', ' semi-formal']",48349801030101,Xandres,['Regular_Fit'],"['straight-sleeve', 'notched-collar']","['short', 'long-sleeve']"
image_48806501040101,data/images_imputed\image_48806501040101.jpg,https://fotos.skm.be/article/488065/488065_01_61e9a4136f6282001142aa61.jpg,['sweatshirt'],['casual'],"['beige', 'brown']",['female'],"['animals', ' shapes']","['casual', ' winter']",48806501040101,LeComte,['Slim_Fit'],"['straight-sleeve', 'crew-neck']","['cropped', 'long-sleeve']"
image_49250001030101,data/images_imputed\image_49250001030101.jpg,https://fotos.skm.be/article/492500/492500_01_07352072_4.jpg,['blouse'],['casual'],['beige'],['female'],"['dots', ' shapes']","['casual', ' home-lounge']",49250001030101,King Louie,['Regular_Fit'],"['straight-sleeve', 'v-neck']","['cropped', 'long-sleeve']"
image_45671204040101,data/images_imputed\image_45671204040101.jpg,https://fotos.skm.be/article/456712/456712_04_cb88c525f289429e977dcd55d170272e_1000x1000.jpg,['cardigan'],['casual'],['nan'],['female'],['plain'],"['dating', ' semi-formal']",45671204040101,Caroline Biss,['Oversized_Fit'],"['puff-sleeve', 'v-neck']","['thigh-length', '3-4-sleeve']"
image_50946801030101,data/images_imputed\image_50946801030101.jpg,https://fotos.skm.be/article/509468/509468_01_456769-1.jpg,['blazer'],['business'],['ecru'],['female'],['glen-check'],"['office', ' semi-formal']",50946801030101,Kocca,['Regular_Fit'],"['straight-sleeve', 'notched-collar']","['thigh-length', 'long-sleeve']"
image_50920403020101,data/images_imputed\image_50920403020101.jpg,https://fotos.skm.be/article/509204/509204_03_6335559be3850700110231e0.jpg,['sweater'],['casual'],['blue'],['unisex'],['vertical-stripes'],"['casual', ' winter']",50920403020101,ONLY,['Oversized_Fit'],"['puff-sleeve', 'high-neck']","['short', 'long-sleeve']"
image_46086704040101,data/images_imputed\image_46086704040101.jpg,https://fotos.skm.be/article/460867/460867_04_620b428f0cccac001143475a.jpg,['blouse'],['casual'],['magenta'],['female'],"[""bird's-eye""]",['casual'],46086704040101,Street One,['Regular_Fit'],"['straight-sleeve', 'round-v-neck']","['short', 'long-sleeve']"
image_49181601030101,data/images_imputed\image_49181601030101.jpg,https://fotos.skm.be/article/491816/491816_01_14066-01-0046_01.jpg,['trousers_and_chinos'],['casual'],['navy'],['unisex'],"['tartan', ' windowpane']",['semi-formal'],49181601030101,Xandres,['Regular_Fit'],"['high-waist', 'classic-trousers']",['full-length']
image_51164801020101,data/images_imputed\image_51164801020101.jpg,https://fotos.skm.be/article/511648/511648_01_28839-01-0186_01.jpg,['sweatshirt'],['casual'],['ecru'],['female'],['marled'],['casual'],51164801020101,Xandres,['Oversized_Fit'],"['puff-sleeve', 'boat-neck']","['thigh-length', 'long-sleeve']"
image_51065201030201,data/images_imputed\image_51065201030201.jpg,https://fotos.skm.be/article/510652/510652_01_64413757692bb200115a00bc.jpg,['trousers_and_chinos'],['feminine'],"['beige', 'black']",['female'],['houndstooth'],['semi-formal'],51065201030201,Cambio,['Slim_Fit'],"['high-waist', 'classic-trousers']",['full-length']
image_49761302050101,data/images_imputed\image_49761302050101.jpg,https://fotos.skm.be/article/497613/497613_02_6363188f15252c001177888c.jpg,['blouse'],['casual'],"['ecru', 'white']",['female'],['plain'],['casual'],49761302050101,GERRY WEBER,['Regular_Fit'],"['straight-sleeve', 'polo']","['short', 'long-sleeve']"
image_48027401030101,data/images_imputed\image_48027401030101.jpg,https://fotos.skm.be/article/480274/480274_01_61efe6c6f2beee001581e465.jpg,['trousers_and_chinos'],['casual'],['white'],['female'],['plain'],['casual'],48027401030101,Scotch & Soda,['Slim_Fit'],"['high-waist', 'classic-trousers']",['full-length']
image_51215501020101,data/images_imputed\image_51215501020101.jpg,https://fotos.skm.be/article/512155/512155_01_62cedcbb1aa5800011a483b3.jpg,['t-shirt'],['casual'],"['black', 'gray']",['female'],['vertical-stripes'],"['casual', ' winter']",51215501020101,VERO MODA,['Slim_Fit'],['one-shoulder'],['cropped']
image_49388801030101,data/images_imputed\image_49388801030101.jpg,https://fotos.skm.be/article/493888/493888_01_61ff2cf26cd07e00114806d5.jpg,['tank-top'],['casual'],['ecru'],['female'],['plain'],['casual'],49388801030101,ESPRIT,['Slim_Fit'],"['round-neck', 'sleeveless']",['cropped']
image_50088301100301,data/images_imputed\image_50088301100301.jpg,https://fotos.skm.be/article/500883/500883_01_637ce4f05982a40011ed635e.jpg,['trousers_and_chinos'],['casual'],['gray'],['female'],['vertical-stripes'],"['office', ' semi-formal']",50088301100301,Street One,['Regular_Fit'],"['mid-waist', 'classic-trousers']",['full-length']
image_46067702020101,data/images_imputed\image_46067702020101.jpg,https://fotos.skm.be/article/460677/460677_02_742207_9850920_54_1.jpg,['trousers_and_chinos'],['bohemian'],"['beige', 'brown']",['female'],['marled'],"['casual', ' semi-formal']",46067702020101,BRAX,['Regular_Fit'],"['mid-waist', 'classic-trousers']",['full-length']
image_48730001050101,data/images_imputed\image_48730001050101.jpg,https://fotos.skm.be/article/487300/487300_01_62631b75e18940001361b77b.jpg,['jacket'],['casual'],['navy'],['male'],['bleached'],['casual'],48730001050101,Betty Barclay,['Slim_Fit'],"['straight-sleeve', 'polo', 'denim-overclothes']","['cropped', 'long-sleeve']"
image_49865101040101,data/images_imputed\image_49865101040101.jpg,https://fotos.skm.be/article/498651/498651_01_6348de4c3b4fd200111ca02f.jpg,['trousers_and_chinos'],['casual'],['ecru'],['female'],['plain'],['casual'],49865101040101,Betty Barclay,['Regular_Fit'],"['high-waist', 'classic-trousers']",['full-length']
image_50210303080101,data/images_imputed\image_50210303080101.jpg,https://fotos.skm.be/article/502103/502103_03_63c6617c1548720010d2aee6.jpg,['t-shirt'],['casual'],['blue'],['female'],['plain'],['casual'],50210303080101,Via Appia Due,['Regular_Fit'],['crew-neck'],['short']
image_49594702040101,data/images_imputed\image_49594702040101.jpg,https://fotos.skm.be/article/495947/495947_02_6348dda569c3f20010c541df.jpg,['t-shirt'],['casual'],['coral'],['female'],['plain'],['casual'],49594702040101,Betty Barclay,['Regular_Fit'],['crew-neck'],['short']
image_49242301050101,data/images_imputed\image_49242301050101.jpg,https://fotos.skm.be/article/492423/492423_01_632a4d9b3714d40011c2cdf1.jpg,['blouse'],['casual'],"['gray', 'white']",['female'],['windowpane'],"['casual', ' dating']",49242301050101,GERRY WEBER EDITION,['Regular_Fit'],"['straight-sleeve', 'round-v-neck']","['short', 'long-sleeve']"
image_50833501080101,data/images_imputed\image_50833501080101.jpg,https://fotos.skm.be/article/508335/508335_01_6440cae500d8220010e4aff7.jpg,['cardigan'],['casual'],['gray'],['female'],['checkerboard'],['casual'],50833501080101,Doris Streich,['Oversized_Fit'],"['straight-sleeve', 'round-neck']","['short', 'short-sleeve']"
image_49019601030101,data/images_imputed\image_49019601030101.jpg,https://fotos.skm.be/article/490196/490196_01_taranto-wide-leg-fit-lange-broek.jpg,['trousers_and_chinos'],['casual'],['navy'],['male'],"['plain', ' text-print']",['casual'],49019601030101,CKS,['Regular_Fit'],"['mid-waist', 'chinos']",['full-length']
image_50221201040101,data/images_imputed\image_50221201040101.jpg,https://fotos.skm.be/article/502212/502212_01_636e8f022f599400105e835a.jpg,['jeans'],['casual'],['blue'],['male'],['bleached'],['casual'],50221201040101,Fabienne Chapot,['Oversized_Fit'],['mid-waist'],['full-length']
image_48534101060101,data/images_imputed\image_48534101060101.jpg,https://fotos.skm.be/article/485341/485341_01_624d435b8ba02e0012fa6ec1.jpg,['jeans'],['casual'],['navy'],['female'],['bleached'],['casual'],48534101060101,TONI,['Regular_Fit'],['mid-waist'],['full-length']
image_51566701050101,data/images_imputed\image_51566701050101.jpg,https://fotos.skm.be/article/515667/515667_01_64dc0906a53de00011d4e216.jpg,['sweater'],['modest'],['turquoise'],['female'],['vertical-stripes'],"['home-lounge', ' winter']",51566701050101,GERRY WEBER,['Slim_Fit'],"['straight-sleeve', 'high-neck']","['short', 'long-sleeve']"
image_48689201050101,data/images_imputed\image_48689201050101.jpg,https://fotos.skm.be/article/486892/486892_01_61eda8187e458400159825c9.jpg,['tank-top'],['casual'],['ecru'],['female'],['plain'],['casual'],48689201050101,Joseph Ribkoff,['Slim_Fit'],"['crew-neck', 'sleeveless']",['short']
image_45960502050101,data/images_imputed\image_45960502050101.jpg,https://fotos.skm.be/article/459605/459605_02_63b37b426b79dd0011264c63.jpg,['jeans'],['casual'],['red'],['female'],['plain'],"['casual', ' nightout']",45960502050101,GERRY WEBER EDITION,['Slim_Fit'],['mid-waist'],['full-length']
image_49438603020101,data/images_imputed\image_49438603020101.jpg,https://fotos.skm.be/article/494386/494386_03_WI22-lookbook-portrait-zonder15.jpg,['trousers_and_chinos'],['casual'],"['beige', 'white']",['female'],['plain'],"['casual', ' home-lounge', ' winter']",49438603020101,Hampton Bays,['Slim_Fit'],"['mid-waist', 'chinos']",['full-length']
image_51179301020101,data/images_imputed\image_51179301020101.jpg,https://fotos.skm.be/article/511793/511793_01_28828-01-1231_01.jpg,['sweater'],['casual'],['blue'],['female'],"[""bird's-eye""]",['winter'],51179301020101,Xandres,['Oversized_Fit'],"['straight-sleeve', 'crew-neck']",['short-sleeve']
image_50638001050101,data/images_imputed\image_50638001050101.jpg,https://fotos.skm.be/article/506380/506380_01_6452d5f8a6d9e000118fc8f7.jpg,['trousers_and_chinos'],['casual'],['black'],['unisex'],['vertical-stripes'],['semi-formal'],50638001050101,Bianca,['Slim_Fit'],"['high-waist', 'classic-trousers']",['full-length']
image_49107702040101,data/images_imputed\image_49107702040101.jpg,https://fotos.skm.be/article/491077/491077_02_4230-36.jpg,['sweater'],['casual'],['beige'],['female'],['vertical-stripes'],"['home-lounge', ' winter']",49107702040101,Caroline Biss,['Regular_Fit'],"['straight-sleeve', 'v-neck']","['thigh-length', 'short-sleeve']"
image_50056601040101,data/images_imputed\image_50056601040101.jpg,https://fotos.skm.be/article/500566/500566_01_63fb7ca7c4898900115c1b8e.jpg,['trousers_and_chinos'],['casual'],['mustard'],['female'],['plain'],"['casual', ' semi-formal']",50056601040101,Marc Cain Sports,['Oversized_Fit'],"['high-waist', 'classic-trousers']",['full-length']
image_50924502010101,data/images_imputed\image_50924502010101.jpg,https://fotos.skm.be/article/509245/509245_02_64f1017a86235e001139cc1b.jpg,['trousers_and_chinos'],['casual'],['gray'],['female'],['marled'],"['casual', ' semi-formal']",50924502010101,BRAX,['Slim_Fit'],"['high-waist', 'classic-trousers']",['full-length']
image_49075401070101,data/images_imputed\image_49075401070101.jpg,https://fotos.skm.be/article/490754/490754_01_4de13c8e-d09d-49aa-a309-cfc52dc25009.jpg,['trousers_and_chinos'],['feminine'],['blue'],['unisex'],['plain'],['casual'],49075401070101,Part Two,['Regular_Fit'],"['mid-waist', 'chinos']",['full-length']
image_51314701050101,data/images_imputed\image_51314701050101.jpg,https://fotos.skm.be/article/513147/513147_01_63c6950b963635001153d5d8.jpg,['cardigan'],['business'],['navy'],['female'],['vertical-stripes'],['casual'],51314701050101,Rabe,['Regular_Fit'],"['straight-sleeve', 'notched-collar']","['short', 'long-sleeve']"
image_49843001040101,data/images_imputed\image_49843001040101.jpg,https://fotos.skm.be/article/498430/498430_01_632c5e291e118c0011869b00.jpg,['trousers_and_chinos'],['casual'],"['pastel', 'pink']",['female'],['plain'],"['casual', ' nightout', ' semi-formal']",49843001040101,Nümph,['Regular_Fit'],"['high-waist', 'classic-trousers']",['full-length']
image_48801901050101,data/images_imputed\image_48801901050101.jpg,https://fotos.skm.be/article/488019/488019_01_6271c53df02adf0010cc9958.jpg,['sweater'],['casual'],['blue'],['female'],"[""bird's-eye""]","['home-lounge', ' winter']",48801901050101,GERRY WEBER EDITION,['Oversized_Fit'],['crew-neck'],"['thigh-length', 'short-sleeve']"
image_50000201080101,data/images_imputed\image_50000201080101.jpg,https://fotos.skm.be/article/500002/500002_01_6386ab80cae9c900102a0845.jpg,['jeans'],['casual'],"['ecru', 'white']",['unisex'],['plain'],"['casual', ' sport']",50000201080101,Doris Streich,['Slim_Fit'],['high-waist'],['3-4-long']
image_50965501050101,data/images_imputed\image_50965501050101.jpg,https://fotos.skm.be/article/509655/509655_01_63dcddd52be2dc001025a0b4.jpg,['tops'],['casual'],['gray'],['female'],"['leaf', ' zebra']",['casual'],50965501050101,Rabe,['Regular_Fit'],"['straight-sleeve', 'crew-neck']","['short', 'long-sleeve']"
image_48088101030101,data/images_imputed\image_48088101030101.jpg,https://fotos.skm.be/article/480881/480881_01_PL701812_568_01_FL.jpg,['sweater'],['casual'],['turquoise'],['female'],['vertical-stripes'],['winter'],48088101030101,Pepe Jeans,['Oversized_Fit'],"['straight-sleeve', 'v-neck']","['short', 'long-sleeve']"
image_49826101010301,data/images_imputed\image_49826101010301.jpg,https://fotos.skm.be/article/498261/498261_01_63a07aefe1056c001230c832.jpg,['trousers_and_chinos'],['casual'],"['lavander', 'pink']",['unisex'],['plain'],"['dating', ' home-lounge', ' nightout', ' semi-formal']",49826101010301,Scotch & Soda,['Regular_Fit'],"['high-waist', 'classic-trousers']",['full-length']
image_49530801030101,data/images_imputed\image_49530801030101.jpg,https://fotos.skm.be/article/495308/495308_01_62abe1ab26f484001143645c.jpg,['sweater'],['casual'],['ecru'],['female'],['marled'],['winter'],49530801030101,ESPRIT,['Oversized_Fit'],"['straight-sleeve', 'crew-neck']","['short', 'long-sleeve']"
image_48533403050101,data/images_imputed\image_48533403050101.jpg,https://fotos.skm.be/article/485334/485334_03_62151c719624300011556ffd.jpg,['trousers_and_chinos'],['casual'],['ecru'],['female'],['plain'],"['casual', ' semi-formal']",48533403050101,TONI,['Slim_Fit'],"['mid-waist', 'classic-trousers']",['3-4-long']
image_50287901030101,data/images_imputed\image_50287901030101.jpg,https://fotos.skm.be/article/502879/502879_01_6346e5a96926b20011a479ae.jpg,['trousers_and_chinos'],['casual'],"['ecru', 'lavander']",['female'],['leaf'],"['casual', ' nightout']",50287901030101,Cambio,['Regular_Fit'],"['mid-waist', 'classic-trousers']",['full-length']
image_47752901050101,data/images_imputed\image_47752901050101.jpg,https://fotos.skm.be/article/477529/477529_01_618d1c540ab6ae0014b17016.jpg,['shirt'],['casual'],"['beige', 'brown']",['female'],['animal-print'],['casual'],47752901050101,GERRY WEBER,['Regular_Fit'],['straight-sleeve'],"['short', 'long-sleeve']"
image_50127401020101,data/images_imputed\image_50127401020101.jpg,https://fotos.skm.be/article/501274/501274_01_8055130577764---WA3124MS64J04869-I-AF-N-R-1-N.jpg,['sweater'],['modest'],['beige'],['female'],['stripes'],"['casual', ' home-lounge']",50127401020101,Liu Jo White Label,['Oversized_Fit'],"['dolman-sleeve', 'v-neck']","['cropped', 'long-sleeve']"
image_44695806020101,data/images_imputed\image_44695806020101.jpg,https://fotos.skm.be/article/446958/446958_06_6268e2ac6edf2d001563fcf6.jpg,['trousers_and_chinos'],['casual'],['ecru'],['female'],['marled'],"['casual', ' semi-formal']",44695806020101,BRAX,['Regular_Fit'],"['high-waist', 'classic-trousers']",['full-length']
image_49195501030101,data/images_imputed\image_49195501030101.jpg,https://fotos.skm.be/article/491955/491955_01_14097-01-0184_01.jpg,['trousers_and_chinos'],['business'],['gray'],['unisex'],['vertical-stripes'],['semi-formal'],49195501030101,Xandres,['Regular_Fit'],"['mid-waist', 'classic-trousers']",['full-length']
image_51292101080101,data/images_imputed\image_51292101080101.jpg,https://fotos.skm.be/article/512921/512921_01_3007-62-1.jpg,['blouse'],['casual'],"['green', 'purple']",['female'],"['animal-print', ' animals']","['dating', ' winter']",51292101080101,Verpass,['Oversized_Fit'],"['straight-sleeve', 'round-neck']","['thigh-length', 'long-sleeve']"
image_49929201040101,data/images_imputed\image_49929201040101.jpg,https://fotos.skm.be/article/499292/499292_01_638fdba96b8d150011397031.jpg,['trousers_and_chinos'],['casual'],"['black', 'white']",['female'],['animals'],"['casual', ' dating', ' nightout']",49929201040101,Joseph Ribkoff,['Flared_Fit'],"['mid-waist', 'classic-trousers']",['full-length']
image_49840601030101,data/images_imputed\image_49840601030101.jpg,https://fotos.skm.be/article/498406/498406_01_5205-337-1.jpg,['tank-top'],['feminine'],['ecru'],['female'],['vertical-stripes'],"['casual', ' dating', ' home-lounge']",49840601030101,Rosemunde,['Regular_Fit'],"['round-neck', 'sleeveless']",['short']
image_49113401030101,data/images_imputed\image_49113401030101.jpg,https://fotos.skm.be/article/491134/491134_01_8057590424855---WF2375JS923R9555-S-AF-N-N-03-N.jpg,['t-shirt'],['casual'],"['black', 'gold']",['female'],"['shapes', ' text-print']",['casual'],49113401030101,Liu Jo White Label,['Regular_Fit'],['crew-neck'],['cropped']
image_48436501020101,data/images_imputed\image_48436501020101.jpg,https://fotos.skm.be/article/484365/484365_01_6248b2f03af5b800110fd8bb.jpg,['t-shirt'],['casual'],['ecru'],['female'],"['animals', ' text-print']",['casual'],48436501020101,ESPRIT,['Regular_Fit'],['v-neck'],['short']
image_49777503050101,data/images_imputed\image_49777503050101.jpg,https://fotos.skm.be/article/497775/497775_03_64519c9f27e8860011614a7d.jpg,['jeans'],['casual'],['gray'],['female'],['plain'],['casual'],49777503050101,GERRY WEBER EDITION,['Slim_Fit'],['mid-waist'],['3-4-long']
image_47754402050101,data/images_imputed\image_47754402050101.jpg,https://fotos.skm.be/article/477544/477544_02_618d1c540ab6ae0014b17017.jpg,['coat'],['casual'],['blue'],['female'],['plain'],['casual'],47754402050101,GERRY WEBER,['Regular_Fit'],"['straight-sleeve', 'cutaway', 'blend-coat']","['thigh-length', 'long-sleeve']"
image_48961001020101,data/images_imputed\image_48961001020101.jpg,https://fotos.skm.be/article/489610/489610_01_Large-22156475-FNT.jpg,['t-shirt'],['casual'],"['emerald-green', 'gray']",['female'],"['marled', ' shapes', ' text-print']",['casual'],48961001020101,Scotch & Soda,['Regular_Fit'],['crew-neck'],['short']
image_49809401040101,data/images_imputed\image_49809401040101.jpg,https://fotos.skm.be/article/498094/498094_01_11-223-074-325_B.jpg,['sweatshirt'],['casual'],"['blue', 'white']",['female'],['stripes'],"['casual', ' summer']",49809401040101,Terre Bleue,['Oversized_Fit'],"['dolman-sleeve', 'v-neck']","['cropped', 'long-sleeve']"
image_48786001050101,data/images_imputed\image_48786001050101.jpg,https://fotos.skm.be/article/487860/487860_01_620f7dd334547f00133ac69b.jpg,['sweater'],['casual'],"['green', 'navy']",['female'],['horizontal-stripes'],"['casual', ' home-lounge']",48786001050101,Rabe,['Regular_Fit'],"['straight-sleeve', 'crew-neck']","['short', 'long-sleeve']"
image_49109301040101,data/images_imputed\image_49109301040101.jpg,https://fotos.skm.be/article/491093/491093_01_4648-29.jpg,['shirt'],['feminine'],"['brown', 'orange']",['unisex'],"['geometric', ' shapes', ' tartan']","['casual', ' semi-formal']",49109301040101,Caroline Biss,['Regular_Fit'],"['straight-sleeve', 'high-neck']","['short', 'short-sleeve']"
image_30652201020101,data/images_imputed\image_30652201020101.jpg,https://fotos.skm.be/article/306522/306522_01_sommermann-t-shirt-wit-500231_705x705_1192921.jpg,['t-shirt'],['casual'],['ecru'],['female'],['vertical-stripes'],['casual'],30652201020101,Sommermann,['Slim_Fit'],['round-neck'],['thigh-length']
image_48447402020101,data/images_imputed\image_48447402020101.jpg,https://fotos.skm.be/article/484474/484474_02_61b69eddf729ce00138d6bac.jpg,['trousers_and_chinos'],['casual'],['red'],['female'],['plain'],"['casual', ' nightout']",48447402020101,Y.A.S,['Regular_Fit'],"['high-waist', 'classic-trousers']",['full-length']
image_51169801020101,data/images_imputed\image_51169801020101.jpg,https://fotos.skm.be/article/511698/511698_01_28842-01-6450_01.jpg,['coat'],['business'],['navy'],['female'],['plain'],"['casual', ' office']",51169801020101,Xandres,['Oversized_Fit'],"['puff-sleeve', 'shawl-collar', 'blend-coat']","['thigh-length', 'long-sleeve']"
image_48790802050101,data/images_imputed\image_48790802050101.jpg,https://fotos.skm.be/article/487908/487908_02_6273160040617c0012b946d6.jpg,['jacket'],['casual'],['khaki'],['female'],['quilted'],"['casual', ' winter']",48790802050101,GERRY WEBER EDITION,['Regular_Fit'],"['straight-sleeve', 'hooded', 'puffer']","['long', 'long-sleeve']"
image_50626901020101,data/images_imputed\image_50626901020101.jpg,https://fotos.skm.be/article/506269/506269_01_642cdb90c4d75e0010591f1e.jpg,['t-shirt'],['feminine'],"['canyon-rose', 'orange']",['unisex'],['floral'],['casual'],50626901020101,ESPRIT,['Regular_Fit'],['round-neck'],['short']
image_49195101030101,data/images_imputed\image_49195101030101.jpg,https://fotos.skm.be/article/491951/491951_01_60848-02-0590_01.jpg,['shirt'],['casual'],['navy'],['female'],['plain'],"['casual', ' office']",49195101030101,Xandres,['Regular_Fit'],"['straight-sleeve', 'polo']","['short', 'long-sleeve']"
image_50883801040101,data/images_imputed\image_50883801040101.jpg,https://fotos.skm.be/article/508838/508838_01_64ed6abc09ccc40011adc7b4.jpg,['coat'],['business'],['beige'],['female'],['marled'],['winter'],50883801040101,Street One,['Regular_Fit'],"['straight-sleeve', 'hooded', 'everyday-overclothes']","['long', 'long-sleeve']"
image_47787901020101,data/images_imputed\image_47787901020101.jpg,https://fotos.skm.be/article/477879/477879_01_61bc5ceabded9900116a25fd.jpg,['jeans'],['casual'],['khaki'],['female'],['plain'],"['casual', ' semi-formal']",47787901020101,MAC,['Slim_Fit'],['low-waist'],['3-4-long']
image_50730001040101,data/images_imputed\image_50730001040101.jpg,https://fotos.skm.be/article/507300/507300_01_63c1a2cbccca310010195428.jpg,['blouse'],['feminine'],"['ecru', 'pastel']",['female'],['fruits'],"['semi-formal', ' summer']",50730001040101,Fabienne Chapot,['Regular_Fit'],"['straight-sleeve', 'high-neck']","['short', 'long-sleeve']"
image_48387701410101,data/images_imputed\image_48387701410101.jpg,https://fotos.skm.be/article/483877/483877_01_9814506-230-MC.jpg,['tunic'],['casual'],"['black', 'navy']",['female'],['dots'],['casual'],48387701410101,Yoek,['Regular_Fit'],"['dolman-sleeve', 'round-v-neck']","['thigh-length', 'long-sleeve']"
image_51265101040101,data/images_imputed\image_51265101040101.jpg,https://fotos.skm.be/article/512651/512651_01_02-07.jpg,['sweatshirt'],['casual'],['purple'],['female'],['plain'],['casual'],51265101040101,Caroline Biss,['Regular_Fit'],"['straight-sleeve', 'shawl-collar', 'everyday-sweatshirt']","['short', 'long-sleeve']"
image_48949501100201,data/images_imputed\image_48949501100201.jpg,https://fotos.skm.be/article/489495/489495_01_62bc9255450de900135b7fac.jpg,['trousers_and_chinos'],['casual'],['black'],['female'],['plain'],['casual'],48949501100201,Street One,['Regular_Fit'],"['mid-waist', 'classic-trousers']",['full-length']
image_49010801410101,data/images_imputed\image_49010801410101.jpg,https://fotos.skm.be/article/490108/490108_01_61e68dee7416530016939c80.jpg,['sweater'],['casual'],['black'],['male'],['vertical-stripes'],['casual'],49010801410101,ONLY Carmakoma,['Slim_Fit'],"['straight-sleeve', 'turtle-neck']","['short', 'long-sleeve']"
image_50259901030101,data/images_imputed\image_50259901030101.jpg,https://fotos.skm.be/article/502599/502599_01_14169-01-6130_01.jpg,['trousers_and_chinos'],['casual'],['orange'],['female'],['plain'],"['casual', ' nightout']",50259901030101,Xandres,['Regular_Fit'],"['high-waist', 'classic-trousers']",['full-length']
image_49441802020101,data/images_imputed\image_49441802020101.jpg,https://fotos.skm.be/article/494418/494418_02_WI22-beeldenklanten-campagne-zndrlogo.jpg,['sweatshirt'],['casual'],"['coral', 'white']",['female'],['chevron'],['casual'],49441802020101,Hampton Bays,['Regular_Fit'],"['straight-sleeve', 'everyday-sweatshirt']","['cropped', 'long-sleeve']"
image_50667501050101,data/images_imputed\image_50667501050101.jpg,https://fotos.skm.be/article/506675/506675_01_64eb69948cca3000106d47d0.jpg,['trousers_and_chinos'],['casual'],"['green', 'yellow']",['female'],"['floral', ' leaf']",['casual'],50667501050101,Marc Cain,['Slim_Fit'],"['high-waist', 'classic-trousers']",['full-length']
image_49745201050101,data/images_imputed\image_49745201050101.jpg,https://fotos.skm.be/article/497452/497452_01_mayerline-loose-fit-tuniekblouse-met-vintage-finish_S2023JEMIR7020080-1.jpg,['blouse'],['casual'],['lavander'],['male'],['plain'],['casual'],49745201050101,Mayerline,['Oversized_Fit'],"['straight-sleeve', 'v-neck']","['cropped', 'long-sleeve']"
image_48348201030101,data/images_imputed\image_48348201030101.jpg,https://fotos.skm.be/article/483482/483482_01_60768-01-0940_01.jpg,['trousers_and_chinos'],['feminine'],['navy'],['female'],['plain'],"['casual', ' dating', ' nightout', ' semi-formal']",48348201030101,Xandres,['Regular_Fit'],"['high-waist', 'classic-trousers']",['full-length']
image_50322001020101,data/images_imputed\image_50322001020101.jpg,https://fotos.skm.be/article/503220/503220_01_6340dd8b9821710010be8211.jpg,['overclothes-sleeveless'],['casual'],['ecru'],['female'],['quilted'],"['casual', ' sport']",50322001020101,Y.A.S,['Regular_Fit'],"['high-neck', 'vests']",['short']
image_49861802020101,data/images_imputed\image_49861802020101.jpg,https://fotos.skm.be/article/498618/498618_02_Schermafbeelding-2022-12-26-153240.jpg,['t-shirt'],['casual'],['white'],['female'],"['marled', ' text-print', ' varsity-striped']",['casual'],49861802020101,Tommy Hilfiger,['Regular_Fit'],['crew-neck'],['cropped']
image_50927201030101,data/images_imputed\image_50927201030101.jpg,https://fotos.skm.be/article/509272/509272_01_64d2a8724c6f9a00114673c9.jpg,['sweatshirt'],['casual'],['beige'],['unisex'],['leaf'],"['casual', ' home-lounge', ' winter']",50927201030101,BRAX,['Regular_Fit'],"['straight-sleeve', 'crew-neck']","['short', 'long-sleeve']"
image_48225501020101,data/images_imputed\image_48225501020101.jpg,https://fotos.skm.be/article/482255/482255_01_upload9223368955666040249.jpg,['hoodie'],['casual'],['gray'],['female'],['marled'],"['casual', ' home-lounge']",48225501020101,Superdry,['Regular_Fit'],['straight-sleeve'],"['short', 'long-sleeve']"
image_49032503020101,data/images_imputed\image_49032503020101.jpg,https://fotos.skm.be/article/490325/490325_03_KNW1702V_Z865_1.jpg,['hoodie'],['casual'],['black'],['male'],['plain'],"['casual', ' home-lounge']",49032503020101,Lyle & Scott,['Regular_Fit'],['straight-sleeve'],"['short', 'long-sleeve']"
image_49913701050101,data/images_imputed\image_49913701050101.jpg,https://fotos.skm.be/article/499137/499137_01_30304923_301840_500.jpg,['shirt'],['casual'],"['beige', 'black']",['female'],['vertical-stripes'],['casual'],49913701050101,Part Two,['Regular_Fit'],"['dolman-sleeve', 'v-neck']","['short', '3-4-sleeve']"
image_50323301020101,data/images_imputed\image_50323301020101.jpg,https://fotos.skm.be/article/503233/503233_01_633fb27d8d4c1b001102f9be.jpg,['sweater'],['casual'],"['beige', 'ecru']",['female'],['horizontal-stripes'],['casual'],50323301020101,Y.A.S,['Oversized_Fit'],"['straight-sleeve', 'crew-neck']","['short', 'long-sleeve']"
image_50964501050101,data/images_imputed\image_50964501050101.jpg,https://fotos.skm.be/article/509645/509645_01_63dcdd9bf74499001070be3b.jpg,['polo-shirt'],['casual'],"['gray', 'green']",['female'],['camo'],"['casual', ' summer']",50964501050101,Rabe,['Regular_Fit'],['straight-sleeve'],"['short', 'long-sleeve']"
image_50565901040101,data/images_imputed\image_50565901040101.jpg,https://fotos.skm.be/article/505659/505659_01_3656-61.jpg,['blouse'],['casual'],['green'],['female'],['plain'],"['casual', ' dating']",50565901040101,Caroline Biss,['Regular_Fit'],"['flutter-sleeve', 'v-neck']","['short', 'short-sleeve']"
image_48075902050101,data/images_imputed\image_48075902050101.jpg,https://fotos.skm.be/article/480759/480759_02_mayerline-chino-in-gekleurd-stretchdenim_S2022MIRTE5772093-1.jpg,['trousers_and_chinos'],['feminine'],['nan'],['female'],['plain'],"['casual', ' nightout', ' semi-formal']",48075902050101,Mayerline,['Slim_Fit'],"['high-waist', 'classic-trousers']",['full-length']
image_50415201050101,data/images_imputed\image_50415201050101.jpg,https://fotos.skm.be/article/504152/504152_01_232908-4025-2.jpg,['blouse'],['casual'],['orange'],['female'],['plain'],['casual'],50415201050101,Joseph Ribkoff,['Oversized_Fit'],"['dolman-sleeve', 'boat-neck']","['short', 'short-sleeve']"
image_50974701040101,data/images_imputed\image_50974701040101.jpg,https://fotos.skm.be/article/509747/509747_01_459734-1.jpg,['blouse'],['casual'],"['beige', 'mustard']",['female'],"['leaf', ' zebra']",['semi-formal'],50974701040101,Senso,['Regular_Fit'],"['straight-sleeve', 'round-v-neck']","['short', 'long-sleeve']"
image_47798801050101,data/images_imputed\image_47798801050101.jpg,https://fotos.skm.be/article/477988/477988_01_616ed3bc8b73ea00119f4cab.jpg,['t-shirt'],['casual'],"['gray', 'green']",['female'],"['floral', ' leaf', ' natural']",['summer'],47798801050101,Betty Barclay,['Regular_Fit'],['round-neck'],['short']
image_48798801040101,data/images_imputed\image_48798801040101.jpg,https://fotos.skm.be/article/487988/487988_01_620f998f164ae800111f7199.jpg,['sweatshirt'],['casual'],"['beige', 'brown']",['male'],['abstract'],['winter'],48798801040101,LeComte,['Regular_Fit'],"['straight-sleeve', 'high-neck']","['short', 'long-sleeve']"
image_48285201020101,data/images_imputed\image_48285201020101.jpg,https://fotos.skm.be/article/482852/482852_01_55767-5087_11_700x.jpg,['jumpsuit'],['casual'],['blue'],['female'],"['animal-print', ' retro']","['casual', ' dating']",48285201020101,Second Female,"['Oversized_Fit', ' Slim_Fit']",['flare-sleeve'],"['long-sleeve', 'bottoms-length-undefined']"
image_49593301040101,data/images_imputed\image_49593301040101.jpg,https://fotos.skm.be/article/495933/495933_01_6348de0c3b4fd200111c9fc2.jpg,['trousers_and_chinos'],['feminine'],['pink'],['female'],['plain'],"['casual', ' semi-formal']",49593301040101,Betty Barclay,['Slim_Fit'],"['mid-waist', 'classic-trousers']",['full-length']
image_47761801050101,data/images_imputed\image_47761801050101.jpg,https://fotos.skm.be/article/477618/477618_01_618d14a90ab6ae0014b16c1e.jpg,['t-shirt'],['casual'],['green'],['female'],['brush-stroke'],['casual'],47761801050101,GERRY WEBER CASUAL,['Regular_Fit'],['boat-neck'],['short']
image_51308302020101,data/images_imputed\image_51308302020101.jpg,https://fotos.skm.be/article/513083/513083_02_637de54ce738e1001191483f.jpg,['shirt'],['business'],"['ecru', 'white']",['unisex'],"['stripes', ' vertical-stripes']",['casual'],51308302020101,VERO MODA,['Oversized_Fit'],"['straight-sleeve', 'cutaway']","['thigh-length', 'long-sleeve']"
image_48782501050101,data/images_imputed\image_48782501050101.jpg,https://fotos.skm.be/article/487825/487825_01_627c43ab865fe100111345a7.jpg,['trousers_and_chinos'],['casual'],['navy'],['female'],['plain'],"['casual', ' dating']",48782501050101,GERRY WEBER,['Regular_Fit'],"['mid-waist', 'classic-trousers']",['full-length']
image_48800601050101,data/images_imputed\image_48800601050101.jpg,https://fotos.skm.be/article/488006/488006_01_629fdacf061c460011b7dfa1.jpg,['blouse'],['casual'],"['brown', 'khaki']",['unisex'],"['animals', ' floral', ' shapes']","['casual', ' home-lounge']",48800601050101,GERRY WEBER EDITION,['Regular_Fit'],"['straight-sleeve', 'boat-neck']","['short', '3-4-sleeve']"
image_48810501050101,data/images_imputed\image_48810501050101.jpg,https://fotos.skm.be/article/488105/488105_01_63106c5f1661020011778fff.jpg,['cardigan'],['casual'],['khaki'],['female'],['plain'],"['casual', ' winter']",48810501050101,Rabe,['Oversized_Fit'],['straight-sleeve'],"['thigh-length', 'long-sleeve']"
image_49947401040101,data/images_imputed\image_49947401040101.jpg,https://fotos.skm.be/article/499474/499474_01_5f05c78177de250011be23bb.jpg,['tank-top'],['casual'],['black'],['female'],['plain'],['casual'],49947401040101,SCHIESSER,['Slim_Fit'],"['round-neck', 'sleeveless']",['cropped']
image_50009401050101,data/images_imputed\image_50009401050101.jpg,https://fotos.skm.be/article/500094/500094_01_627a392f4dfb7d00110c084e.jpg,['sweater'],['casual'],"['gray', 'khaki']",['unisex'],['horizontal-stripes'],['casual'],50009401050101,Rabe,['Regular_Fit'],"['straight-sleeve', 'high-neck']","['short', 'long-sleeve']"
image_48352101020101,data/images_imputed\image_48352101020101.jpg,https://fotos.skm.be/article/483521/483521_01_28456-01-0046_01.jpg,['t-shirt'],['casual'],['white'],['unisex'],['horizontal-stripes'],['casual'],48352101020101,Xandres,['Oversized_Fit'],['boat-neck'],['thigh-length']
image_48495801020101,data/images_imputed\image_48495801020101.jpg,https://fotos.skm.be/article/484958/484958_01_62219c57dda45800119246b5.jpg,['trousers_and_chinos'],['casual'],['navy'],['female'],['plain'],"['casual', ' semi-formal']",48495801020101,BRAX,['Slim_Fit'],"['high-waist', 'chinos']",['full-length']
image_48637104110101,data/images_imputed\image_48637104110101.jpg,https://fotos.skm.be/article/486371/486371_04_ESS015-01-8521_01.jpg,['trousers_and_chinos'],['casual'],['black'],['female'],['vertical-stripes'],"['casual', ' nightout']",48637104110101,Xandres Gold,['Slim_Fit'],"['high-waist', 'classic-trousers']",['full-length']
image_48981001030101,data/images_imputed\image_48981001030101.jpg,https://fotos.skm.be/article/489810/489810_01_CSN0380223_1610_V.jpg,['overclothes-sleeveless'],['casual'],['beige'],['female'],['quilted'],['casual'],48981001030101,Creenstone,['Regular_Fit'],"['hooded', 'vests']",['short']
image_51050901050101,data/images_imputed\image_51050901050101.jpg,https://fotos.skm.be/article/510509/510509_01_644b95578d8b310011edef0c.jpg,['tops'],['casual'],"['black', 'white']",['female'],['houndstooth'],"['casual', ' formal', ' office', ' semi-formal']",51050901050101,Rabe,['Regular_Fit'],"['straight-sleeve', 'high-neck']","['short', 'long-sleeve']"
image_49528301080101,data/images_imputed\image_49528301080101.jpg,https://fotos.skm.be/article/495283/495283_01_62975ede01ca770011bbbad4.jpg,['blouse'],['casual'],"['brown', 'gray']",['female'],['floral'],['casual'],49528301080101,Frapp,['Regular_Fit'],"['straight-sleeve', 'hooded']","['short', 'long-sleeve']"
image_49460201030101,data/images_imputed\image_49460201030101.jpg,https://fotos.skm.be/article/494602/494602_01_JESS_pinstripe-brown.jpg,['trousers_and_chinos'],['casual'],['black'],['female'],['plain'],"['office', ' semi-formal']",49460201030101,FAM the label,['Oversized_Fit'],"['mid-waist', 'classic-trousers']",['full-length']
image_50128302040101,data/images_imputed\image_50128302040101.jpg,https://fotos.skm.be/article/501283/501283_02_8055130440297---WA3512T8876Q9359-I-AR-N-N-2-N.jpg,['blouse'],['casual'],"['green', 'white']",['male'],['dots'],"['casual', ' summer']",50128302040101,Liu Jo White Label,['Oversized_Fit'],"['straight-sleeve', 'polo']","['thigh-length', 'long-sleeve']"
image_50129501020101,data/images_imputed\image_50129501020101.jpg,https://fotos.skm.be/article/501295/501295_01_8055130406842---WA3418JS923Q9270-I-AF-N-R-1-N.jpg,['t-shirt'],['casual'],['white'],['female'],['text-print'],['casual'],50129501020101,Liu Jo White Label,['Regular_Fit'],['v-neck'],['short']
image_50067601040101,data/images_imputed\image_50067601040101.jpg,https://fotos.skm.be/article/500676/500676_01_63aafffb78335e0011f44215.jpg,['jeans'],['casual'],['navy'],['female'],['bleached'],['casual'],50067601040101,Marc Cain Pants,['Slim_Fit'],['mid-waist'],['full-length']
image_43426804040101,data/images_imputed\image_43426804040101.jpg,https://fotos.skm.be/article/434268/434268_04_cfc47f75a9204b6591e44b17c96c59ce_1000x1000.jpg,['trousers_and_chinos'],['casual'],['black'],['female'],['plain'],['casual'],43426804040101,Caroline Biss,['Slim_Fit'],"['mid-waist', 'classic-trousers']",['bottoms-length-undefined']
image_48784601050101,data/images_imputed\image_48784601050101.jpg,https://fotos.skm.be/article/487846/487846_01_620f7e1bb4ce820011595593.jpg,['sweater'],['casual'],['gray'],['female'],['horizontal-stripes'],"['home-lounge', ' winter']",48784601050101,Rabe,['Regular_Fit'],"['straight-sleeve', 'crew-neck']","['short', 'long-sleeve']"
image_48028201030101,data/images_imputed\image_48028201030101.jpg,https://fotos.skm.be/article/480282/480282_01_61eff30ff2beee001581ef62.jpg,['sweatshirt'],['casual'],['green'],['male'],"['ombre', ' text-print']",['casual'],48028201030101,Scotch & Soda,['Regular_Fit'],"['straight-sleeve', 'crew-neck', 'everyday-sweatshirt']","['cropped', 'long-sleeve']"
image_50981301410101,data/images_imputed\image_50981301410101.jpg,https://fotos.skm.be/article/509813/509813_01_1924636-240-MC.jpg,['tunic'],['casual'],"['black', 'green']",['female'],['leaf'],"['dating', ' semi-formal', ' summer']",50981301410101,Yoek,['Oversized_Fit'],"['dolman-sleeve', 'round-neck']","['thigh-length', 'long-sleeve']"
image_51106901040101,data/images_imputed\image_51106901040101.jpg,https://fotos.skm.be/article/511069/511069_01_11-423-476-400-b-64f5cbfd676d7.jpg,['blouse'],['bohemian'],"['emerald-green', 'green']",['female'],['floral'],['casual'],51106901040101,Terre Bleue,['Slim_Fit'],"['straight-sleeve', 'high-neck']","['short', 'long-sleeve']"
image_50559403020101,data/images_imputed\image_50559403020101.jpg,https://fotos.skm.be/article/505594/505594_03_64a8780729d5180011733c45.jpg,['jeans'],['casual'],['navy'],['female'],['bleached'],['casual'],50559403020101,BRAX,['Slim_Fit'],['high-waist'],['full-length']
image_50424801020101,data/images_imputed\image_50424801020101.jpg,https://fotos.skm.be/article/504248/504248_01_WW0WW37873_C19.png,['t-shirt'],['casual'],['blue'],['female'],"['plain', ' vertical-stripes']","['casual', ' semi-formal']",50424801020101,Tommy Hilfiger,['Regular_Fit'],['v-neck'],['cropped']
image_47949901020101,data/images_imputed\image_47949901020101.jpg,https://fotos.skm.be/article/479499/479499_01_60f1cce574478900112bc780.jpg,['t-shirt'],['casual'],['ecru'],['male'],"['animals', ' text-print']",['casual'],47949901020101,Fabienne Chapot,['Regular_Fit'],['crew-neck'],['short']
image_48613802030101,data/images_imputed\image_48613802030101.jpg,https://fotos.skm.be/article/486138/486138_02_rl22s-c5104_a-000_sang_f.jpg,['t-shirt'],['casual'],['coral'],['female'],['plain'],"['casual', ' summer']",48613802030101,River Woods,['Regular_Fit'],['round-v-neck'],['cropped']
image_51263001040101,data/images_imputed\image_51263001040101.jpg,https://fotos.skm.be/article/512630/512630_01_01-16b.jpg,['blazer'],['casual'],['navy'],['female'],['vertical-stripes'],"['dating', ' formal', ' nightout', ' office', ' semi-formal']",51263001040101,Caroline Biss,['Regular_Fit'],"['straight-sleeve', 'shawl-collar']","['thigh-length', 'long-sleeve']"
image_48882901050101,data/images_imputed\image_48882901050101.jpg,https://fotos.skm.be/article/488829/488829_01_mayerline-kostuumbroek-in-jacquard_W2022CANBER6043032-1.jpg,['trousers_and_chinos'],['casual'],"['brown', 'silver']",['female'],['plain'],['casual'],48882901050101,Mayerline,['Oversized_Fit'],"['mid-waist', 'classic-trousers']",['full-length']
image_50779801050101,data/images_imputed\image_50779801050101.jpg,https://fotos.skm.be/article/507798/507798_01_6449fc1c27e88600115f25f0.jpg,['blazer'],['business'],['purple'],['female'],['plain'],"['office', ' semi-formal']",50779801050101,GERRY WEBER,['Regular_Fit'],"['straight-sleeve', 'notched-collar']","['thigh-length', 'long-sleeve']"
image_50255901030101,data/images_imputed\image_50255901030101.jpg,https://fotos.skm.be/article/502559/502559_01_60988-01-0250_01.jpg,['tank-top'],['casual'],['blue'],['female'],['plain'],['casual'],50255901030101,Xandres,['Regular_Fit'],"['round-neck', 'sleeveless']",['short']
image_51019801030101,data/images_imputed\image_51019801030101.jpg,https://fotos.skm.be/article/510198/510198_01_234915-273-2-WEB.jpg,['cardigan'],['casual'],['navy'],['female'],['marled'],['casual'],51019801030101,Joseph Ribkoff,['Oversized_Fit'],"['dolman-sleeve', 'v-neck']","['thigh-length', 'short-sleeve']"
image_50212901080101,data/images_imputed\image_50212901080101.jpg,https://fotos.skm.be/article/502129/502129_01_63c66178963635001153a804.jpg,['t-shirt'],['casual'],"['blue', 'navy']",['unisex'],"['floral', ' leaf']",['casual'],50212901080101,Frapp,['Regular_Fit'],['crew-neck'],['short']
image_51620401080101,data/images_imputed\image_51620401080101.jpg,https://fotos.skm.be/article/516204/516204_01_6451df75cfdb6c001141d0a2.jpg,['trousers_and_chinos'],['casual'],['silver'],['female'],['glitter'],"['casual', ' nightout']",51620401080101,Doris Streich,['Regular_Fit'],"['high-waist', 'classic-trousers']",['full-length']
image_48739201060101,data/images_imputed\image_48739201060101.jpg,https://fotos.skm.be/article/487392/487392_01_61eda6bd6f62820011499589.jpg,['cardigan'],['casual'],['ecru'],['female'],['plain'],"['casual', ' office', ' semi-formal']",48739201060101,Joseph Ribkoff,['Oversized_Fit'],"['straight-sleeve', 'shawl-collar']","['thigh-length', '3-4-sleeve']"
image_48726801050101,data/images_imputed\image_48726801050101.jpg,https://fotos.skm.be/article/487268/487268_01_618d1c7a3b032800118b260d.jpg,['t-shirt'],['casual'],"['ecru', 'white']",['male'],"['abstract', ' natural', ' text-print']",['casual'],48726801050101,GERRY WEBER,['Regular_Fit'],['crew-neck'],['short']
image_50575001030101,data/images_imputed\image_50575001030101.jpg,https://fotos.skm.be/article/505750/505750_01_57642-7002_15.jpg,['trousers_and_chinos'],['casual'],['gray'],['male'],['plain'],"['dating', ' office', ' semi-formal']",50575001030101,Second Female,['Regular_Fit'],"['mid-waist', 'classic-trousers']",['full-length']
image_51265801040101,data/images_imputed\image_51265801040101.jpg,https://fotos.skm.be/article/512658/512658_01_02-16b.jpg,['jumpsuit'],['casual'],"['mustard', 'orange']",['female'],"['geometric', ' shapes']",['dating'],51265801040101,Caroline Biss,"['Regular_Fit', ' Oversized_Fit']","['straight-sleeve', 'round-neck']","['long-sleeve', 'full-length']"
image_51298802050101,data/images_imputed\image_51298802050101.jpg,https://fotos.skm.be/article/512988/512988_02_6465153dfbbcd700108ade9a.jpg,['tops'],['casual'],['bordeaux'],['unisex'],"[""bird's-eye""]",['sport'],51298802050101,Betty Barclay,['Oversized_Fit'],"['straight-sleeve', 'v-neck']","['thigh-length', 'long-sleeve']"
image_51097301040101,data/images_imputed\image_51097301040101.jpg,https://fotos.skm.be/article/510973/510973_01_11-555-025-001-b-64f5cc3a63a2e.jpg,['tops'],['casual'],['white'],['male'],['plain'],['casual'],51097301040101,Terre Bleue,['Regular_Fit'],"['straight-sleeve', 'turtle-neck']","['cropped', '3-4-sleeve']"
image_49081601040101,data/images_imputed\image_49081601040101.jpg,https://fotos.skm.be/article/490816/490816_01_139662_01_Terre-Bleue_W-Apropos-damesboetiek_20_11-422-026-879_B-.jpg,['sweatshirt'],['casual'],"['beige', 'orange']",['female'],"['abstract', ' chevron']","['casual', ' winter']",49081601040101,Terre Bleue,['Regular_Fit'],['dolman-sleeve'],"['short', 'long-sleeve']"
image_49768801050101,data/images_imputed\image_49768801050101.jpg,https://fotos.skm.be/article/497688/497688_01_6363188870d1cd001199ec20.jpg,['cardigan'],['casual'],['nan'],['female'],"['marled', ' plain']",['casual'],49768801050101,GERRY WEBER EDITION,['Slim_Fit'],"['straight-sleeve', 'v-neck']","['short', 'long-sleeve']"
image_48128201040101,data/images_imputed\image_48128201040101.jpg,https://fotos.skm.be/article/481282/481282_01_8050885941426---WA2091T5191S9509-I-AF-N-R-01-N.jpg,['blouse'],['casual'],"['magenta', 'white']",['female'],['floral'],['casual'],48128201040101,Liu Jo Denim,['Regular_Fit'],"['flutter-sleeve', 'round-neck']","['short', 'short-sleeve']"
image_50246201030101,data/images_imputed\image_50246201030101.jpg,https://fotos.skm.be/article/502462/502462_01_14123-01-2386_01.jpg,['trousers_and_chinos'],['feminine'],['pink'],['female'],"['gingham', ' graph-check']","['dating', ' semi-formal']",50246201030101,Xandres,['Regular_Fit'],"['high-waist', 'classic-trousers']",['full-length']
image_51160502020101,data/images_imputed\image_51160502020101.jpg,https://fotos.skm.be/article/511605/511605_02_Hires-23163581-FNT.jpg,['t-shirt'],['casual'],['emerald-green'],['unisex'],['plain'],"['casual', ' nightout']",51160502020101,Scotch & Soda,['Regular_Fit'],['v-neck'],['cropped']
image_50577101030101,data/images_imputed\image_50577101030101.jpg,https://fotos.skm.be/article/505771/505771_01_61001-01-9840_01.jpg,['t-shirt'],['casual'],['ecru'],['female'],['plain'],['casual'],50577101030101,Xandres,['Oversized_Fit'],['boat-neck'],['cropped']
image_49771601050101,data/images_imputed\image_49771601050101.jpg,https://fotos.skm.be/article/497716/497716_01_63801bee741f4a001105d466.jpg,['trousers_and_chinos'],['casual'],"['beige', 'ecru']",['female'],['animal-print'],['casual'],49771601050101,GERRY WEBER EDITION,['Oversized_Fit'],"['high-waist', 'classic-trousers']",['full-length']
image_50441301050101,data/images_imputed\image_50441301050101.jpg,https://fotos.skm.be/article/504413/504413_01_62fa0f8205394300121e1c7e.jpg,['blouse'],['casual'],"['white', 'yellow']",['female'],"['animals', ' leaf', ' natural']",['summer'],50441301050101,LeComte,['Regular_Fit'],"['straight-sleeve', 'round-neck']","['short', '3-4-sleeve']"
image_48245301040101,data/images_imputed\image_48245301040101.jpg,https://fotos.skm.be/article/482453/482453_01_SR20211017DBSS22-10.jpg,['blouse'],['business'],['magenta'],['female'],['plain'],['casual'],48245301040101,Dame Blanche,['Regular_Fit'],"['straight-sleeve', 'v-neck']","['short', '3-4-sleeve']"
image_50547901050101,data/images_imputed\image_50547901050101.jpg,https://fotos.skm.be/article/505479/505479_01_64651594287eb20011aada8e.jpg,['cardigan'],['business'],['gray'],['female'],['marled'],"['casual', ' winter']",50547901050101,Betty Barclay,['Regular_Fit'],"['straight-sleeve', 'v-neck']","['long', 'long-sleeve']"
image_48037701040101,data/images_imputed\image_48037701040101.jpg,https://fotos.skm.be/article/480377/480377_01_21-222-EKLA-331_B.jpg,['sweatshirt'],['casual'],['nan'],['male'],['net'],['casual'],48037701040101,Gigue,['Oversized_Fit'],"['straight-sleeve', 'v-neck']","['cropped', '3-4-sleeve']"
image_48173601040101,data/images_imputed\image_48173601040101.jpg,https://fotos.skm.be/article/481736/481736_01_61f2bb1ebb2f87001486f5c6.jpg,['tops'],['casual'],['khaki'],['male'],['text-print'],['casual'],48173601040101,Street One,['Regular_Fit'],"['straight-sleeve', 'round-neck']","['thigh-length', '3-4-sleeve']"
image_50090901020101,data/images_imputed\image_50090901020101.jpg,https://fotos.skm.be/article/500909/500909_01_63d859eac911e10011dc2371.jpg,['trousers_and_chinos'],['casual'],['navy'],['female'],['bleached'],['casual'],50090901020101,BRAX,['Regular_Fit'],"['high-waist', 'chinos']",['full-length']
image_43584019030101,data/images_imputed\image_43584019030101.jpg,https://fotos.skm.be/article/435840/435840_19_63d0ef27cf6282001191a2b7.jpg,['trousers_and_chinos'],['casual'],['nan'],['male'],['plain'],"['casual', ' semi-formal']",43584019030101,TONI,['Slim_Fit'],"['high-waist', 'chinos']",['full-length']
image_49739401050101,data/images_imputed\image_49739401050101.jpg,https://fotos.skm.be/article/497394/497394_01_mayerline-easy-care-broek-op-elastiek_S2023X-CADOX7000262-1.jpg,['trousers_and_chinos'],['casual'],['purple'],['female'],['plain'],['casual'],49739401050101,Mayerline,['Regular_Fit'],"['mid-waist', 'classic-trousers']",['full-length']
image_48347701050101,data/images_imputed\image_48347701050101.jpg,https://fotos.skm.be/article/483477/483477_01_90014-01-0046_01.jpg,['blouse'],['casual'],"['gray', 'white']",['male'],['horizontal-stripes'],['casual'],48347701050101,Xandres Gold,['Oversized_Fit'],"['straight-sleeve', 'boat-neck']","['thigh-length', 'short-sleeve']"
image_50982701410101,data/images_imputed\image_50982701410101.jpg,https://fotos.skm.be/article/509827/509827_01_1905543-210-MF.jpg,['trousers_and_chinos'],['casual'],['nan'],['female'],['plain'],['casual'],50982701410101,Yoek,['Regular_Fit'],"['high-waist', 'classic-trousers']",['full-length']
image_48522501030101,data/images_imputed\image_48522501030101.jpg,https://fotos.skm.be/article/485225/485225_01_6398_06906001_1.jpg,['t-shirt'],['casual'],['black'],['female'],['text-print'],['casual'],48522501030101,King Louie,['Regular_Fit'],['round-neck'],['cropped']
image_48808802050101,data/images_imputed\image_48808802050101.jpg,https://fotos.skm.be/article/488088/488088_02_63106ca7a9139c00129bee4a.jpg,['jeans'],['casual'],['navy'],['female'],['bleached'],['casual'],48808802050101,Rabe,['Slim_Fit'],['mid-waist'],['3-4-long']
image_47965901030101,data/images_imputed\image_47965901030101.jpg,https://fotos.skm.be/article/479659/479659_01_61eda7f090cff100106c481f.jpg,['blouse'],['casual'],['yellow'],['female'],['plain'],"['dating', ' semi-formal']",47965901030101,Joseph Ribkoff,['Regular_Fit'],['cutaway'],"['short', 'sleeveless']"
image_49126401030101,data/images_imputed\image_49126401030101.jpg,https://fotos.skm.be/article/491264/491264_01_6299f942d8a6920011cb1b79.jpg,['jumpsuit'],['feminine'],"['lavander', 'purple']",['female'],['paisley'],"['casual', ' dating']",49126401030101,Nümph,['Oversized_Fit'],"['puff-sleeve', 'round-neck']","['3-4-sleeve', 'full-length']"
image_50196703050101,data/images_imputed\image_50196703050101.jpg,https://fotos.skm.be/article/501967/501967_03_63a4c14ae9ffc30011308a35.jpg,['trousers_and_chinos'],['casual'],['green'],['female'],['plain'],"['casual', ' nightout', ' semi-formal']",50196703050101,Bianca,['Regular_Fit'],"['mid-waist', 'classic-trousers']",['full-length']
image_48935101020101,data/images_imputed\image_48935101020101.jpg,https://fotos.skm.be/article/489351/489351_01_626a68bfba737d00110335d2.jpg,['sweater'],['casual'],"['bordeaux', 'purple']",['female'],['horizontal-stripes'],"['home-lounge', ' winter']",48935101020101,Nümph,['Regular_Fit'],"['straight-sleeve', 'crew-neck']","['short', 'long-sleeve']"
image_49229001030101,data/images_imputed\image_49229001030101.jpg,https://fotos.skm.be/article/492290/492290_01_61ddc714a45e8f0017e9c595.jpg,['sweatshirt'],['casual'],"['beige', 'ecru']",['female'],"['animals', ' shapes']",['casual'],49229001030101,Fabienne Chapot,['Oversized_Fit'],"['puff-sleeve', 'crew-neck']","['short', 'long-sleeve']"
image_49349902030101,data/images_imputed\image_49349902030101.jpg,https://fotos.skm.be/article/493499/493499_02_rl22w-c5000_f-002b_ow_f.jpg,['tops'],['casual'],['white'],['female'],"['animals', ' shapes', ' text-print']",['casual'],49349902030101,River Woods,['Regular_Fit'],"['straight-sleeve', 'crew-neck']","['short', 'long-sleeve']"
image_50601201050101,data/images_imputed\image_50601201050101.jpg,https://fotos.skm.be/article/506012/506012_01_sunsetcurcuma-look12.jpg,['sweater'],['casual'],['lavander'],['male'],['stripes'],['casual'],50601201050101,Mayerline,['Slim_Fit'],"['flare-sleeve', 'v-neck']","['short', 'long-sleeve']"
image_49738001050101,data/images_imputed\image_49738001050101.jpg,https://fotos.skm.be/article/497380/497380_01_mayerline-t-shirtblouse-met-satijnen-front_S2023JADIE-V7814020-V.jpg,['t-shirt'],['feminine'],"['blue', 'mustard']",['unisex'],['leaf'],['casual'],49738001050101,Mayerline,['Regular_Fit'],['round-neck'],['short']
image_49771901050101,data/images_imputed\image_49771901050101.jpg,https://fotos.skm.be/article/497719/497719_01_63c8d775a9fbec0011f262c6.jpg,['tank-top'],['casual'],['navy'],['female'],['glitter'],['casual'],49771901050101,GERRY WEBER,['Regular_Fit'],"['v-neck', 'sleeveless']",['short']
image_48739901290101,data/images_imputed\image_48739901290101.jpg,https://fotos.skm.be/article/487399/487399_01_61eda76bcf654000117035e4.jpg,['tops'],['casual'],"['black', 'silver']",['female'],"['floral', ' leaf']","['casual', ' dating', ' semi-formal']",48739901290101,Joseph Ribkoff,['Oversized_Fit'],"['straight-sleeve', 'round-neck']","['thigh-length', '3-4-sleeve']"
image_47758302050101,data/images_imputed\image_47758302050101.jpg,https://fotos.skm.be/article/477583/477583_02_6181defc0c0b3e0012c2d9db.jpg,['sweater'],['casual'],"['beige', 'ecru']",['female'],['horizontal-stripes'],"['casual', ' home-lounge']",47758302050101,GERRY WEBER CASUAL,['Regular_Fit'],"['straight-sleeve', 'crew-neck']","['short', 'long-sleeve']"
image_49631101040101,data/images_imputed\image_49631101040101.jpg,https://fotos.skm.be/article/496311/496311_01_63652a7d40359e00127eca8e.jpg,['shirt'],['casual'],['ecru'],['female'],['plain'],['casual'],49631101040101,Street One,['Regular_Fit'],"['straight-sleeve', 'cutaway']","['short', 'long-sleeve']"
image_50889101080101,data/images_imputed\image_50889101080101.jpg,https://fotos.skm.be/article/508891/508891_01_64785bfa9ccc880011b51e47.jpg,['shirt'],['casual'],['ecru'],['female'],['plain'],['casual'],50889101080101,Frapp,['Oversized_Fit'],"['straight-sleeve', 'polo']","['thigh-length', 'long-sleeve']"
image_47962601030101,data/images_imputed\image_47962601030101.jpg,https://fotos.skm.be/article/479626/479626_01_61eda8bb90cff100106c4854.jpg,['sweatpants'],['casual'],"['blue', 'pastel']",['male'],['marled'],['casual'],47962601030101,Joseph Ribkoff,['Oversized_Fit'],['mid-waist'],['3-4-long']
image_49848701020101,data/images_imputed\image_49848701020101.jpg,https://fotos.skm.be/article/498487/498487_01_5927ba37-0eac-4150-a8c8-43b9940502a8.jpg,['trousers_and_chinos'],['casual'],['black'],['female'],['plain'],"['casual', ' dating', ' nightout', ' semi-formal']",49848701020101,Part Two,['Regular_Fit'],"['high-waist', 'chinos']",['full-length']
image_48726901050101,data/images_imputed\image_48726901050101.jpg,https://fotos.skm.be/article/487269/487269_01_622a9569ae05b60011a21270.jpg,['t-shirt'],['casual'],"['bordeaux', 'white']",['male'],['brush-stroke'],['casual'],48726901050101,GERRY WEBER,['Regular_Fit'],['boat-neck'],['short']
image_50121202020101,data/images_imputed\image_50121202020101.jpg,https://fotos.skm.be/article/501212/501212_02_8057590973148---TA3073J657951315-I-AF-N-R-1-N.jpg,['trousers_and_chinos'],['casual'],"['canyon-rose', 'coral']",['female'],['vertical-stripes'],"['dating', ' nightout']",50121202020101,Liu Jo Sport,['Oversized_Fit'],"['high-waist', 'classic-trousers']",['full-length']
image_48257301080101,data/images_imputed\image_48257301080101.jpg,https://fotos.skm.be/article/482573/482573_01_6273ca8e30408b0012cda8f4.jpg,['trousers_and_chinos'],['casual'],"['lavander', 'yellow']",['female'],"['leaf', ' natural']","['casual', ' semi-formal']",48257301080101,Doris Streich,['Slim_Fit'],"['high-waist', 'classic-trousers']",['3-4-long']
image_50889001080101,data/images_imputed\image_50889001080101.jpg,https://fotos.skm.be/article/508890/508890_01_64785c08be819a0010a659e2.jpg,['jeans'],['casual'],['ecru'],['female'],['plain'],['casual'],50889001080101,Frapp,['Slim_Fit'],['mid-waist'],['3-4-long']
image_50058801040101,data/images_imputed\image_50058801040101.jpg,https://fotos.skm.be/article/500588/500588_01_63f2437174b81000118f1ae5.jpg,['jacket'],['casual'],['ecru'],['female'],['plain'],"['casual', ' summer']",50058801040101,Marc Cain Sports,['Regular_Fit'],"['straight-sleeve', 'polo', 'everyday-overclothes']","['short', '3-4-sleeve']"
image_51268601040101,data/images_imputed\image_51268601040101.jpg,https://fotos.skm.be/article/512686/512686_01_4545-10.jpg,['trousers_and_chinos'],['casual'],['black'],['female'],['plain'],['casual'],51268601040101,Caroline Biss,['Flared_Fit'],"['high-waist', 'classic-trousers']",['full-length']
image_49667901050101,data/images_imputed\image_49667901050101.jpg,https://fotos.skm.be/article/496679/496679_01_62fa107832a85a0011ad5caa.jpg,['polo-shirt'],['casual'],"['blue', 'pastel']",['male'],['horizontal-stripes'],['casual'],49667901050101,Rabe,['Regular_Fit'],['straight-sleeve'],"['short', 'short-sleeve']"
image_47961201020101,data/images_imputed\image_47961201020101.jpg,https://fotos.skm.be/article/479612/479612_01_211905p-1-WEB.jpg,['jacket'],['casual'],['blue'],['male'],['bleached'],['casual'],47961201020101,Joseph Ribkoff,['Regular_Fit'],"['straight-sleeve', 'polo', 'denim-overclothes']","['short', 'long-sleeve']"
image_50062301040101,data/images_imputed\image_50062301040101.jpg,https://fotos.skm.be/article/500623/500623_01_637b97bec708490011eb1b15.jpg,['blouse'],['casual'],['blue'],['female'],['plain'],"['dating', ' semi-formal']",50062301040101,Marc Cain,['Regular_Fit'],"['puff-sleeve', 'round-v-neck']","['short', 'long-sleeve']"
image_49527402080101,data/images_imputed\image_49527402080101.jpg,https://fotos.skm.be/article/495274/495274_02_62975eab11e4f5001162c1e5.jpg,['sweater'],['casual'],['brown'],['female'],['marled'],"['home-lounge', ' winter']",49527402080101,Frapp,['Oversized_Fit'],"['straight-sleeve', 'v-neck']","['short', 'long-sleeve']"
image_50094504040101,data/images_imputed\image_50094504040101.jpg,https://fotos.skm.be/article/500945/500945_04_63ef90997b95a800109d3465.jpg,['polo-shirt'],['casual'],['magenta'],['female'],['varsity-striped'],['casual'],50094504040101,BRAX,['Regular_Fit'],['straight-sleeve'],"['short', 'short-sleeve']"
image_49772501050101,data/images_imputed\image_49772501050101.jpg,https://fotos.skm.be/article/497725/497725_01_63bcdee293d88e00114ed6dc.jpg,['trousers_and_chinos'],['casual'],['nan'],['unisex'],['plain'],"['casual', ' semi-formal']",49772501050101,GERRY WEBER,['Regular_Fit'],"['mid-waist', 'classic-trousers']",['full-length']
image_49400901230101,data/images_imputed\image_49400901230101.jpg,https://fotos.skm.be/article/494009/494009_01_153088R-11-5-WEB.jpg,['trousers_and_chinos'],['casual'],['black'],['female'],['plain'],"['casual', ' nightout', ' semi-formal', ' winter']",49400901230101,Joseph Ribkoff,['Oversized_Fit'],"['mid-waist', 'classic-trousers']",['full-length']
image_48339401020101,data/images_imputed\image_48339401020101.jpg,https://fotos.skm.be/article/483394/483394_01_28451-01-1841_01.jpg,['sweater'],['casual'],['ecru'],['female'],['vertical-stripes'],['casual'],48339401020101,Xandres,['Slim_Fit'],"['straight-sleeve', 'boat-neck']","['cropped', 'short-sleeve']"
image_49827602030101,data/images_imputed\image_49827602030101.jpg,https://fotos.skm.be/article/498276/498276_02_63a077e7b64d820011fb6125.jpg,['blouse'],['casual'],"['gray', 'lavander']",['unisex'],['abstract'],['casual'],49827602030101,Scotch & Soda,['Oversized_Fit'],"['straight-sleeve', 'high-neck']","['thigh-length', 'long-sleeve']"
image_48357401080101,data/images_imputed\image_48357401080101.jpg,https://fotos.skm.be/article/483574/483574_01_81885-01-1310_01.jpg,['trousers_and_chinos'],['casual'],['blue'],['female'],['vertical-stripes'],['casual'],48357401080101,Xandres Gold,['Regular_Fit'],"['high-waist', 'classic-trousers']",['3-4-long']
image_49059901020101,data/images_imputed\image_49059901020101.jpg,https://fotos.skm.be/article/490599/490599_01_6201812aa34822001186ed1a.jpg,['cardigan'],['casual'],"['beige', 'brown']",['female'],['marled'],['winter'],49059901020101,ONLY,['Regular_Fit'],"['straight-sleeve', 'v-neck']","['short', 'long-sleeve']"
image_47751202050101,data/images_imputed\image_47751202050101.jpg,https://fotos.skm.be/article/477512/477512_02_61fe7d889747cc00115bbf0a.jpg,['jeans'],['casual'],['blue'],['female'],['plain'],['casual'],47751202050101,GERRY WEBER,['Slim_Fit'],['mid-waist'],['full-length']
image_49979301100501,data/images_imputed\image_49979301100501.jpg,https://fotos.skm.be/article/499793/499793_01_63af098a42ec9b0011b199e9.jpg,['trousers_and_chinos'],['casual'],['navy'],['female'],['plain'],"['dating', ' nightout', ' office', ' semi-formal']",49979301100501,Street One,['Regular_Fit'],"['high-waist', 'classic-trousers']",['full-length']
image_47949201040101,data/images_imputed\image_47949201040101.jpg,https://fotos.skm.be/article/479492/479492_01_Screenshot-2022-05-06-at-15-29-51.png,['blouse'],['casual'],['white'],['female'],['abstract'],"['casual', ' home-lounge', ' summer']",47949201040101,Fabienne Chapot,['Regular_Fit'],"['straight-sleeve', 'round-v-neck']","['cropped', 'short-sleeve']"
image_49664801050101,data/images_imputed\image_49664801050101.jpg,https://fotos.skm.be/article/496648/496648_01_632d978367a5aa0011df6722.jpg,['t-shirt'],['casual'],"['gray', 'green']",['unisex'],"['animals', ' text-print']",['casual'],49664801050101,Rabe,['Oversized_Fit'],['crew-neck'],['short']
image_48390602410101,data/images_imputed\image_48390602410101.jpg,https://fotos.skm.be/article/483906/483906_02_Screenshot-2022-06-13-at-10-41-37.png,['tunic'],['casual'],['red'],['female'],['plain'],"['casual', ' semi-formal']",48390602410101,Yoek,['Oversized_Fit'],"['straight-sleeve', 'square-neck']","['thigh-length', 'short-sleeve']"
image_50868901020101,data/images_imputed\image_50868901020101.jpg,https://fotos.skm.be/article/508689/508689_01_PL702008_0AA_01_MO.jpg,['cardigan'],['casual'],"['black', 'green']",['female'],['horizontal-stripes'],['casual'],50868901020101,Pepe Jeans,['Regular_Fit'],"['straight-sleeve', 'round-neck']","['cropped', 'long-sleeve']"
image_50767001260101,data/images_imputed\image_50767001260101.jpg,https://fotos.skm.be/article/507670/507670_01_W3YA59_D52Q1_MULG_1.jpg,['jeans'],['casual'],['navy'],['female'],['bleached'],['casual'],50767001260101,Guess,['Flared_Fit'],['mid-waist'],['full-length']
image_50088501030101,data/images_imputed\image_50088501030101.jpg,https://fotos.skm.be/article/500885/500885_01_63d858f540790e0010a8974b.jpg,['trousers_and_chinos'],['casual'],['ecru'],['unisex'],['plain'],"['casual', ' nightout', ' semi-formal']",50088501030101,RAPHAELA by BRAX,['Slim_Fit'],"['high-waist', 'classic-trousers']",['full-length']
image_50670701040101,data/images_imputed\image_50670701040101.jpg,https://fotos.skm.be/article/506707/506707_01_64d8f626dfbf150011137c46.jpg,['sweater'],['casual'],"['beige', 'black']",['female'],"['animal-print', ' zebra']","['casual', ' home-lounge', ' winter']",50670701040101,Marc Cain Sports,['Regular_Fit'],"['straight-sleeve', 'crew-neck']","['short', 'long-sleeve']"
image_48534902050101,data/images_imputed\image_48534902050101.jpg,https://fotos.skm.be/article/485349/485349_02_62151c53b692450010955f9e.jpg,['trousers_and_chinos'],['casual'],['yellow'],['female'],['plain'],"['casual', ' nightout']",48534902050101,TONI,['Slim_Fit'],"['high-waist', 'classic-trousers']",['3-4-long']
image_50665601040101,data/images_imputed\image_50665601040101.jpg,https://fotos.skm.be/article/506656/506656_01_64985a9d327ecf00107b2e2b.jpg,['blazer'],['business'],['green'],['female'],['plain'],"['formal', ' office', ' semi-formal']",50665601040101,Marc Cain,['Regular_Fit'],"['straight-sleeve', 'notched-collar']","['thigh-length', 'long-sleeve']"
image_47879902020101,data/images_imputed\image_47879902020101.jpg,https://fotos.skm.be/article/478799/478799_02_60645c939e431100101563af.jpg,['cardigan'],['casual'],['blue'],['female'],"['harlequin', ' quilted']","['home-lounge', ' winter']",47879902020101,ONLY,['Oversized_Fit'],"['straight-sleeve', 'v-neck']","['short', 'long-sleeve']"
image_50548101050101,data/images_imputed\image_50548101050101.jpg,https://fotos.skm.be/article/505481/505481_01_646515470e1c660011e0c6e1.jpg,['sweatshirt'],['casual'],"['beige', 'brown']",['female'],"['tartan', ' windowpane']","['office', ' semi-formal']",50548101050101,Betty Barclay,['Regular_Fit'],['straight-sleeve'],"['short', 'long-sleeve']"
