image_url_1,category,style,colors,gender,pattern,occasion,barcode,brand,fit,Type,lenghth
https://fotos.skm.be/article/489205/489205_02_642adb1670216c001194fc17.jpg,shirt,casual,magenta;white,female,shapes,semi-formal; summer,48920502040101,ETERNA,Regular_Fit,straight-sleeve;high-neck,short;long-sleeve
https://fotos.skm.be/article/507927/507927_01_6488eab8d7dc2e001087c0fd.jpg,sweater,casual,coral;magenta,female,chevron; harlequin,winter,50792701020101,Geisha,Regular_Fit,straight-sleeve;turtle-neck,short;long-sleeve
https://fotos.skm.be/article/505938/505938_01_64ff0a6c07ed590011484286.jpg,trousers_and_chinos,business,gray,female,houndstooth,semi-formal,50593801040101,TONI,Slim_Fit,high-waist;classic-trousers,full-length
https://fotos.skm.be/article/479883/479883_01_617284f48b44f30011ac308f.jpg,skirt,feminine,blue;navy,female,stripes; vertical-stripes,casual; semi-formal,47988301030101,Nümph,Unknown,high-waist;a-line,midi
https://fotos.skm.be/article/483726/483726_01_6706-60-1.jpg,dress,feminine,emerald-green;mustard,female,floral,dating,48372601080101,Verpass,Unknown,straight-sleeve;v-neck;pencil,3-4-sleeve;midi
https://fotos.skm.be/article/487940/487940_01_620f7e302ec3e10012a2addf.jpg,sweatshirt,casual,bordeaux;gray,female,marled; varsity-striped,home-lounge; winter,48794001050101,Rabe,Regular_Fit,straight-sleeve;crew-neck,short;long-sleeve
https://fotos.skm.be/article/499751/499751_01_62695f6f6319310013a3eb14.jpg,shirt,casual,beige;black,female,geometric,semi-formal; summer,49975101020101,ONLY,Regular_Fit,straight-sleeve,short;long-sleeve
https://fotos.skm.be/article/503785/503785_01_28605-01-3154_01.jpg,sweater,casual,beige;ecru,female,Unknown,casual,50378501020101,Xandres,Oversized_Fit,puff-sleeve;boat-neck,cropped;long-sleeve
https://fotos.skm.be/article/482163/482163_01_61e76a1af1b23b0011f79dd8.jpg,shirt,business,lavander;white,male,stripes; vertical-stripes,office; summer,48216301080101,Doris Streich,Regular_Fit,straight-sleeve;v-neck,short;short-sleeve
https://fotos.skm.be/article/488976/488976_01_223966-110-1-WEB.jpg,trousers_and_chinos,casual,black,female,plain,casual; dating; formal; nightout; office; semi-formal,48897601010101,Joseph Ribkoff,Regular_Fit,mid-waist;classic-trousers,full-length
https://fotos.skm.be/article/509123/509123_01_644a3dd3a6eae0001295d2c5.jpg,tops,casual,purple,female,Unknown,casual,50912301070101,ONLY Carmakoma,Regular_Fit,straight-sleeve;grandad,short;long-sleeve
https://fotos.skm.be/article/477567/477567_01_617741aa93c6900011d300ed.jpg,t-shirt,casual,ecru,female,plain,casual,47756701050101,GERRY WEBER,Slim_Fit,crew-neck,short
https://fotos.skm.be/article/499150/499150_02_30307546_301963_500.jpg,sweatshirt,casual,blue;mint,female,horizontal-stripes,casual,49915002050101,Part Two,Oversized_Fit,straight-sleeve;boat-neck,thigh-length;long-sleeve
https://fotos.skm.be/article/500045/500045_01_6386ac32741f4a00110a2110.jpg,shirt,casual,blue;silver,female,brush-stroke,casual,50004501080101,Doris Streich,Regular_Fit,straight-sleeve;v-neck,short;short-sleeve
https://fotos.skm.be/article/481303/481303_01_8057590003036---WA2461J6308R9020-S-AF-N-N-08-N.jpg,t-shirt,casual,white,male,plain,casual,48130301020101,Liu Jo Denim,Regular_Fit,crew-neck,short
https://fotos.skm.be/article/499250/499250_01_231745-2539-1-WEB.jpg,dress,feminine,ecru;navy,female,floral; leaf,dating; nightout,49925001060101,Joseph Ribkoff,Unknown,flutter-sleeve;shoulder-off;pencil,short-sleeve;midi
https://fotos.skm.be/article/488930/488930_01_223207-178-5-WEB.jpg,dress,bohemian,black;khaki,female,animals; floral; leaf; natural,casual,48893001110101,Joseph Ribkoff,Unknown,straight-sleeve;v-neck;a-line,long-sleeve;midi
https://fotos.skm.be/article/495048/495048_03_62edf860ae6a5d0011dff4ac.jpg,jeans,casual,khaki,female,vertical-stripes,casual; nightout; semi-formal,49504803020101,BRAX,Slim_Fit,high-waist,full-length
https://fotos.skm.be/article/505459/505459_01_mayerline-wijde-printbroek-met-rugelastiek_S2023CEDINE7326208-1.jpg,trousers_and_chinos,casual,white;yellow,unisex,Unknown,casual; summer,50545901050101,Mayerline,Oversized_Fit,high-waist;casual,3-4-long
https://fotos.skm.be/article/498444/498444_01_632c5db9e67d230011e38589.jpg,dress,feminine,green,unisex,geometric,semi-formal; summer,49844401030101,Nümph,Unknown,puff-sleeve;polo;a-line,short-sleeve;midi
https://fotos.skm.be/article/503364/503364_01_02-09b.jpg,skirt,bohemian,orange;red,male,leaf,beach; dating; summer,50336401040101,Caroline Biss,Unknown,high-waist;a-line,midi
https://fotos.skm.be/article/507563/507563_01_prevude-trui.jpg,sweatshirt,casual,orange,female,varsity-striped,casual,50756301030101,CKS,Oversized_Fit,puff-sleeve;v-neck,short;long-sleeve
https://fotos.skm.be/article/486213/486213_02_COCO_dark-clay-tencel-3.jpg,dress,casual,canyon-rose,female,glen-check; plain,casual; semi-formal,48621302030101,FAM the label,Unknown,straight-sleeve;v-neck;a-line,3-4-sleeve;midi
https://fotos.skm.be/article/483466/483466_01_90009-01-1566_01.jpg,dress,feminine,black;ecru;white,female,diagonal-stripes; stripes,semi-formal,48346601050101,Xandres Gold,Unknown,v-neck;a-line,sleeveless;midi
https://fotos.skm.be/article/233024/233024_04_609beec80b03880012611a22.jpg,trousers_and_chinos,casual,black,female,Unknown,casual,23302404020101,Doris Streich,Slim_Fit,high-waist;classic-trousers,3-4-long
https://fotos.skm.be/article/491945/491945_01_14092-01-1915_01.jpg,dress,feminine,beige;mustard,female,animal-print,dating,49194501030101,Xandres,Unknown,straight-sleeve;v-neck;a-line,3-4-sleeve;mini
https://fotos.skm.be/article/500621/500621_01_637b9febef53450010de7266.jpg,sweater,casual,ecru,unisex,stripes,casual,50062101040101,Marc Cain,Oversized_Fit,straight-sleeve;high-neck,short;long-sleeve
https://fotos.skm.be/article/507822/507822_01_64f01017f24f750011208c30.jpg,tops,casual,blue;navy,female,geometric,casual,50782201050101,GERRY WEBER,Regular_Fit,straight-sleeve;crew-neck,short;long-sleeve
https://fotos.skm.be/article/494420/494420_01_WI22-beeldenklanten-campagne-zndrlogo5.jpg,trousers_and_chinos,casual,navy;pink,female,Unknown,semi-formal,49442001030101,Hampton Bays,Regular_Fit,mid-waist;classic-trousers,full-length
https://fotos.skm.be/article/505664/505664_01_3774-69.jpg,skirt,modest,ecru;green,female,fruits; leaf,summer,50566401050101,Caroline Biss,Unknown,high-waist;a-line,midi
https://fotos.skm.be/article/485231/485231_01_8553_07117001_1.jpg,tank-top,casual,mustard;orange,female,chevron; net,casual; summer,48523101030101,King Louie,Slim_Fit,round-neck;sleeveless,cropped
https://fotos.skm.be/article/505581/505581_01_mayerline-gebloemde-a-lijnrok-in-crepe_S2023CHAIA17375560-1.jpg,skirt,casual,blue;lavander,male,floral; leaf,beach; dating; summer,50558101050101,Mayerline,Unknown,high-waist;a-line,midi
https://fotos.skm.be/article/512325/512325_01_64c5d917b2c25f00112f1816.jpg,coat,casual,ecru;gray,female,marled,casual,51232501020101,ESPRIT,Oversized_Fit,straight-sleeve;high-neck;everyday-overclothes,thigh-length;long-sleeve
https://fotos.skm.be/article/503917/503917_02_3960-1.jpg,t-shirt,casual,orange,female,plain,casual,50391702080101,Verpass,Regular_Fit,round-neck,short
https://fotos.skm.be/article/503064/503064_01_08075001_2.jpg,dress,feminine,black;orange,female,floral; leaf,dating; summer,50306401030101,King Louie,Unknown,straight-sleeve;v-neck;a-line,short-sleeve;midi
https://fotos.skm.be/article/490590/490590_01_62a93beaa95ae10012e3f8ce.jpg,dress,feminine,lavander;purple,female,floral; paisley,dating,49059001020101,ONLY,Unknown,straight-sleeve;v-neck;a-line,3-4-sleeve;midi
https://fotos.skm.be/article/489613/489613_01_Large-22153988-FNT.jpg,trousers_and_chinos,casual,black,unisex,plain,dating; nightout; semi-formal,48961301020101,Scotch & Soda,Regular_Fit,mid-waist;classic-trousers,full-length
https://fotos.skm.be/article/507684/507684_01_W3YN30_D4MSL_AVPR_1.jpg,jacket,casual,blue,male,bleached,casual,50768401020101,Guess,Slim_Fit,straight-sleeve;cutaway;denim-overclothes,cropped;long-sleeve
https://fotos.skm.be/article/509513/509513_01_456826-1.jpg,trousers_and_chinos,business,coral;gray,unisex,glen-check; tartan,casual; semi-formal,50951301030101,Kocca,Slim_Fit,mid-waist;classic-trousers,3-4-long
https://fotos.skm.be/article/486099/486099_01_61b0db4f8e393000158968d8.jpg,t-shirt,casual,beige;orange,female,floral; stripes,casual,48609901080101,Via Appia Due,Regular_Fit,crew-neck,short
https://fotos.skm.be/article/502658/502658_01_89913-11-2525_01.jpg,trousers_and_chinos,casual,nan,unisex,geometric; shapes,casual,50265801050101,Xandres Gold,Regular_Fit,high-waist;chinos,full-length
https://fotos.skm.be/article/489580/489580_01_62b20696144d390011372c5a.jpg,t-shirt,casual,ecru;white,female,horizontal-stripes,casual,48958001020101,Scotch & Soda,Oversized_Fit,boat-neck,short
https://fotos.skm.be/article/484410/484410_01_P22PMA6775AAUN0000_10010.jpg,t-shirt,casual,beige;ecru,female,plain,casual; dating; summer,48441001020101,Kocca,Regular_Fit,boat-neck,cropped
https://fotos.skm.be/article/506837/506837_01_30306061_302260_400.jpg,dress,feminine,gray;white,female,floral; leaf,dating,50683701050101,Part Two,Unknown,straight-sleeve;v-neck;pencil,short-sleeve;mini
https://fotos.skm.be/article/506144/506144_01_643dad3c60083c001192e133.jpg,polo-shirt,casual,magenta,unisex,Unknown,casual; dating; nightout,50614401040101,Street One,Regular_Fit,straight-sleeve,short;short-sleeve
https://fotos.skm.be/article/501347/501347_01_sawina-midirok-5.jpg,skirt,casual,ecru;white,unisex,floral; leaf,casual; dating; summer,50134701040101,CKS,Unknown,high-waist;a-line,midi
https://fotos.skm.be/article/477571/477571_06_61fe800d9747cc00115bbf90.jpg,tank-top,casual,bordeaux,female,plain,dating; nightout,47757106050101,GERRY WEBER,Regular_Fit,round-neck;sleeveless,short
https://fotos.skm.be/article/498262/498262_01_63a07a3c77b1740011d4fa6d.jpg,trousers_and_chinos,casual,navy,male,plain,casual,49826201270101,Scotch & Soda,Regular_Fit,mid-waist;classic-trousers,full-length
https://fotos.skm.be/article/445678/445678_02_01-12.jpg,dress,casual,blue,female,Unknown,casual; dating,44567802050101,Caroline Biss,Unknown,straight-sleeve;round-neck;a-line,long-sleeve;midi
https://fotos.skm.be/article/496692/496692_01_62fa10a6febfb200108c6127.jpg,t-shirt,casual,green;yellow,male,animals; shapes; text-print,casual,49669201050101,Rabe,Oversized_Fit,crew-neck,short
https://fotos.skm.be/article/487815/487815_01_627af1e923d50c001244fc33.jpg,skirt,casual,gold;silver,female,Unknown,dating,48781501050101,GERRY WEBER,Unknown,high-waist;a-line,midi
https://fotos.skm.be/article/508314/508314_01_6440cbc060083c0011997007.jpg,jeans,casual,black,female,glitter,casual,50831401080101,Doris Streich,Slim_Fit,high-waist,full-length
https://fotos.skm.be/article/511718/511718_01_61006-01-1980_01.jpg,shirt,casual,yellow,female,Unknown,casual; dating,51171801030101,Xandres,Regular_Fit,straight-sleeve;polo,short;long-sleeve
https://fotos.skm.be/article/490397/490397_01_1304795-210-MF.jpg,trousers_and_chinos,casual,black,female,plain,dating; formal; nightout; semi-formal; winter,49039701410101,Yoek,Regular_Fit,mid-waist;classic-trousers,full-length
https://fotos.skm.be/article/501986/501986_03_636ac81415252c00117ac32d.jpg,t-shirt,casual,ecru;lavander,female,animals; fruits,casual,50198603050101,Bianca,Regular_Fit,crew-neck,short
https://fotos.skm.be/article/479655/479655_02_638fda4d363662001134a44b.jpg,trousers_and_chinos,feminine,white,female,plain,dating; formal; nightout; office; semi-formal; sport,47965502060101,Joseph Ribkoff,Regular_Fit,high-waist;classic-trousers,full-length
https://fotos.skm.be/article/484667/484667_03_MLW1604V_Z129_1.jpg,hoodie,casual,beige;ecru,female,plain,casual; home-lounge,48466703020101,Lyle & Scott,Oversized_Fit,straight-sleeve,short;long-sleeve
https://fotos.skm.be/article/479236/479236_01_rainkiss_digi_spring_camo_2.jpg,dress,feminine,pink,female,floral; leaf; natural,casual; dating,47923601010101,RAINKISS,Unknown,straight-sleeve;v-neck;a-line,3-4-sleeve;midi
https://fotos.skm.be/article/510748/510748_01_64d2a86f1052df001154da34.jpg,trousers_and_chinos,business,gray,female,glen-check; windowpane,semi-formal,51074801010101,RAPHAELA by BRAX,Slim_Fit,mid-waist;classic-trousers,full-length
https://fotos.skm.be/article/484298/484298_02_622acb7b7d45f600122ba713.jpg,blouse,casual,orange,female,Unknown,dating,48429802030101,ESPRIT,Regular_Fit,v-neck,short;straps
https://fotos.skm.be/article/509179/509179_02_618396e39d6c51001300c695.jpg,dress,minimalism,black,female,vertical-stripes,casual; dating; formal; home-lounge; nightout; office,50917902020101,ONLY,Unknown,straight-sleeve;v-neck;bodycon,long-sleeve;midi
https://fotos.skm.be/article/497618/497618_01_63ca0bc14126a000114ca6ff.jpg,jacket,casual,coral,female,quilted,casual; winter,49761801050101,GERRY WEBER,Regular_Fit,straight-sleeve;cutaway;leather-overclothes,thigh-length;long-sleeve
https://fotos.skm.be/article/508315/508315_01_6440ca996acad80011ae9278.jpg,shirt,casual,emerald-green,female,leaf; natural,dating; summer,50831501080101,Doris Streich,Regular_Fit,straight-sleeve;round-neck,short;short-sleeve
https://fotos.skm.be/article/500935/500935_01_63d859e11914550011f3494b.jpg,trousers_and_chinos,casual,white,female,plain,casual,50093501020101,BRAX,Regular_Fit,mid-waist;classic-trousers,full-length
https://fotos.skm.be/article/479331/479331_01_616ed3dc46abed00114d61cc.jpg,tops,casual,beige;mustard,female,fruits; leaf,casual,47933101040101,Betty Barclay,Regular_Fit,flutter-sleeve;crew-neck,short
https://fotos.skm.be/article/516201/516201_02_6451e01a2c45d5001157538b.jpg,tops,casual,blue,unisex,Unknown,casual; home-lounge; winter,51620102080101,Doris Streich,Slim_Fit,straight-sleeve;crew-neck,short;long-sleeve
https://fotos.skm.be/article/498948/498948_01_6057PINK30235GRWEBSHOP2.jpg,trousers_and_chinos,casual,nan,unisex,plain,casual; dating; nightout,49894801040101,Four Roses,Slim_Fit,mid-waist;classic-trousers,3-4-long
https://fotos.skm.be/article/495871/495871_01_23029_998_1.jpg,dress,feminine,black;coral,female,paisley,casual; dating,49587101030101,Smashed Lemon,Unknown,flutter-sleeve;v-neck;a-line,short-sleeve;midi
https://fotos.skm.be/article/486118/486118_01_mayerline-doorknooprok-in-seersucker_S2022META5309010-V.jpg,skirt,feminine,black,female,Unknown,casual; dating; summer,48611801050101,Mayerline,Unknown,high-waist;a-line,midi
https://fotos.skm.be/article/509606/509606_01_134179_RIMIDI_GSL.png,skirt,casual,white,female,plain,casual,50960601030101,CKS,Unknown,high-waist;pencil,midi
https://fotos.skm.be/article/510838/510838_01_W3BR26Z3AE0_F02T.png,jeans,modest,navy,female,plain,casual,51083801030101,Guess,Slim_Fit,mid-waist,bottoms-length-undefined
https://fotos.skm.be/article/482842/482842_01_55897-5089_12_700x.jpg,dress,feminine,ecru;yellow,male,floral; leaf,casual; dating,48284201020101,Second Female,Unknown,straight-sleeve;pencil,3-4-sleeve;mini
https://fotos.skm.be/article/479512/479512_01_Charlie-Dress_Leopardo_F.jpg,dress,feminine,black;mustard,female,animal-print,dating,47951201040101,Fabienne Chapot,Unknown,puff-sleeve;round-neck;a-line,short-sleeve;mini
https://fotos.skm.be/article/486181/486181_01_rl22s-c9010_a-000_be_f.jpg,sweatshirt,casual,black;white,female,horizontal-stripes,casual; home-lounge,48618101020101,River Woods,Regular_Fit,dolman-sleeve;boat-neck,short;long-sleeve
https://fotos.skm.be/article/483526/483526_01_60756-01-1135_01.jpg,dress,feminine,pink;yellow,female,floral,dating,48352601030101,Xandres,Unknown,puff-sleeve;v-neck;mermaid,short-sleeve;mini
https://fotos.skm.be/article/484113/484113_01_01-22b.jpg,blazer,casual,blue,female,Unknown,casual,48411301040101,Caroline Biss,Regular_Fit,straight-sleeve;notched-collar,thigh-length;long-sleeve
https://fotos.skm.be/article/498268/498268_02_63a073d8fcadd10011aaf34e.jpg,t-shirt,casual,white,unisex,plain,casual,49826802020101,Scotch & Soda,Regular_Fit,crew-neck,cropped
https://fotos.skm.be/article/484095/484095_01_03-35c.jpg,skirt,casual,beige;brown,female,retro,dating; summer,48409501040101,Caroline Biss,Unknown,high-waist;a-line,maxi
https://fotos.skm.be/article/511659/511659_03_28826-01-9220_01.jpg,sweater,casual,navy,female,vertical-stripes,casual; home-lounge; winter,51165903020101,Xandres,Oversized_Fit,straight-sleeve;boat-neck,cropped;3-4-sleeve
https://fotos.skm.be/article/504979/504979_01_63a079a0a0c66a0011c83ea9.jpg,tank-top,casual,green,female,plain,casual,50497901020101,Scotch & Soda,Regular_Fit,sweetheart-neck;straps,cropped
https://fotos.skm.be/article/511931/511931_01_490056_ws1_lr.jpg,blouse,casual,beige;ecru,female,vertical-stripes,casual,51193101050101,Marie Méro,Oversized_Fit,flare-sleeve,short;long-sleeve
https://fotos.skm.be/article/511284/511284_01_Liu-Jo_FallWinter-2023_Ltivoryltgold_TF3309MA07GA7280.jpg,sweater,casual,ecru,female,chevron,home-lounge; winter,51128401020101,Liu Jo Sport,Oversized_Fit,dolman-sleeve;v-neck,thigh-length;long-sleeve
https://fotos.skm.be/article/511628/511628_01_Hires-23166859-FNT.jpg,shirt,casual,turquoise,male,marled,casual,51162801030101,Scotch & Soda,Oversized_Fit,straight-sleeve;polo,short;long-sleeve
https://fotos.skm.be/article/483362/483362_01_14021-01-1560_01.jpg,trousers_and_chinos,casual,beige;ecru,female,marled,casual; semi-formal,48336201030101,Xandres,Regular_Fit,mid-waist;classic-trousers,full-length
https://fotos.skm.be/article/500846/500846_03_63d859019589d30011402df4.jpg,trousers_and_chinos,business,ecru,unisex,plain,nightout; office; semi-formal,50084603020101,RAPHAELA by BRAX,Slim_Fit,high-waist;classic-trousers,3-4-long
https://fotos.skm.be/article/490240/490240_02_6271e099307cfd0011523959.jpg,blouse,casual,ecru,female,plain,casual,49024002050101,GERRY WEBER,Oversized_Fit,dolman-sleeve;boat-neck,short;3-4-sleeve
https://fotos.skm.be/article/507593/507593_01_salomedo-midi-jurk.jpg,dress,feminine,coral;white,female,floral,dating; semi-formal,50759301030101,CKS,Unknown,straight-sleeve;v-neck;a-line,3-4-sleeve;mini
https://fotos.skm.be/article/503158/503158_01_2022_10_04_Heart_MIND_Looks65385.jpg,trousers_and_chinos,casual,pink,female,plain,casual; dating; home-lounge,50315801030101,Heart Mind,Oversized_Fit,high-waist;classic-trousers,bottoms-length-undefined
https://fotos.skm.be/article/503396/503396_01_04-04d.jpg,t-shirt,casual,orange;red,unisex,chevron; geometric,casual,50339601040101,Caroline Biss,Regular_Fit,square-neck,short
https://fotos.skm.be/article/491777/491777_01_60873-01-0040_01.jpg,jacket,punk,black,female,plain,casual,49177701030101,Xandres,Regular_Fit,straight-sleeve;polo;leather-overclothes,short;long-sleeve
https://fotos.skm.be/article/504519/504519_01_A_DSCF8453copy.jpg,slippers-shoe,casual,beige;ecru,female,abstract,casual,50451901030101,March23,Unknown,clogs_and_mules,full-length
https://fotos.skm.be/article/507503/507503_01_pastinac-trui.jpg,sweater,casual,blue;coral,male,horizontal-stripes; shapes,casual,50750301030101,CKS,Oversized_Fit,straight-sleeve;crew-neck,short;long-sleeve
https://fotos.skm.be/article/513540/513540_01_6373765581fdd10011dfc3a6.jpg,trousers_and_chinos,casual,black,unisex,Unknown,dating; nightout; office; semi-formal,51354001360101,EVOKED VILA,Regular_Fit,high-waist;classic-trousers,full-length
https://fotos.skm.be/article/485290/485290_01_1030140_10336_7.jpg,t-shirt,casual,nan,female,Unknown,casual,48529001080101,Tom Tailor,Regular_Fit,v-neck,short
https://fotos.skm.be/article/477487/477487_02_csn0380221-8155-1.jpg,overclothes-sleeveless,casual,beige;gray,male,Unknown,casual,47748702030101,Creenstone,Regular_Fit,vests,thigh-length
https://fotos.skm.be/article/506684/506684_01_64eb697e2a32af001123bf04.jpg,trousers_and_chinos,casual,red,female,Unknown,casual; nightout; semi-formal,50668401040101,Marc Cain,Regular_Fit,high-waist;classic-trousers,full-length
https://fotos.skm.be/article/501215/501215_01_8055130403889---TA3194J699810604-I-AF-N-R-1-N-1.jpg,tank-top,casual,white,female,abstract,casual; nightout; summer,50121501020101,Liu Jo Sport,Regular_Fit,crew-neck;sleeveless,short
https://fotos.skm.be/article/485304/485304_01_WhatsApp-Image-2022-02-09-at-19-32-23-2-.jpeg,cardigan,casual,nan,female,plain,casual,48530401010101,Black Rose,Regular_Fit,straight-sleeve;v-neck,short;long-sleeve
https://fotos.skm.be/article/488069/488069_01_61e5940a4f7b6d0011800a74.jpg,polo-shirt,bohemian,blue;red,male,windowpane,formal; office; summer,48806901050101,Rabe,Regular_Fit,straight-sleeve,short;short-sleeve
https://fotos.skm.be/article/484667/484667_01_MLW1604V_W608_1.jpg,hoodie,casual,gray,male,plain; varsity-striped,casual,48466701020101,Lyle & Scott,Regular_Fit,straight-sleeve,short;long-sleeve
https://fotos.skm.be/article/507994/507994_01_646b8cfaec5b030011ae4b19.jpg,overclothes-sleeveless,casual,white,unisex,quilted,casual,50799401020101,Tommy Hilfiger,Regular_Fit,hooded;vests,short
https://fotos.skm.be/article/490223/490223_01_Schermafbeelding-2022-05-31-162812.jpg,dress,feminine,gray,female,paisley,dating; nightout; semi-formal,49022301020201,Tommy Hilfiger,Unknown,puff-sleeve;round-neck;a-line,long-sleeve;mini
https://fotos.skm.be/article/498643/498643_01_2022_10_21_Just_Eve_Studio79042.jpg,overclothes-sleeveless,casual,lavander;white,female,geometric; shapes,dating; nightout; summer,49864301040101,JustEve,Regular_Fit,v-neck;waistcoat,short
https://fotos.skm.be/article/477552/477552_01_6171f4a1d3be360012543e8c.jpg,skirt,feminine,emerald-green,female,Unknown,dating; nightout; semi-formal; summer; winter,47755201050101,GERRY WEBER,Unknown,high-waist;a-line,midi
https://fotos.skm.be/article/489024/489024_01_black-lissaspw-broek.jpg,trousers_and_chinos,casual,black,female,plain,casual,48902401050101,Part Two,Oversized_Fit,mid-waist;classic-trousers,full-length
https://fotos.skm.be/article/490116/490116_01_620670d909a0000011108c5e.jpg,trousers_and_chinos,casual,magenta,female,plain,casual,49011601070101,ONLY Carmakoma,Slim_Fit,high-waist;classic-trousers,3-4-long
https://fotos.skm.be/article/501194/501194_01_8055130257710---TA3192TS42322222-I-AF-N-R-1-N.jpg,trousers_and_chinos,casual,black,female,plain,casual; semi-formal,50119401030101,Liu Jo Sport,Slim_Fit,mid-waist;classic-trousers,3-4-long
https://fotos.skm.be/article/502104/502104_02_63887302b7ba6d0011af4711.jpg,cardigan,business,blue,female,bird's-eye,winter,50210402080101,Frapp,Regular_Fit,straight-sleeve;round-v-neck,thigh-length;long-sleeve
https://fotos.skm.be/article/491084/491084_01_4717-39.jpg,skirt,modest,beige;brown,female,glen-check,semi-formal,49108401040101,Caroline Biss,Unknown,high-waist;a-line,midi
https://fotos.skm.be/article/507923/507923_01_649b5fbc286d2a00101ecf0c.jpg,cardigan,casual,nan,female,Unknown,winter,50792301020101,Geisha,Regular_Fit,straight-sleeve;round-neck,thigh-length;long-sleeve
https://fotos.skm.be/article/500589/500589_01_63f2434c5db7ae0010ee59d5.jpg,t-shirt,casual,orange,female,Unknown,casual,50058901040101,Marc Cain Sports,Regular_Fit,round-neck,short
https://fotos.skm.be/article/490158/490158_01_eldodeep-t-shirt-met-driekwart-mouwen.jpg,tops,casual,coral,female,plain,casual,49015801020101,CKS,Oversized_Fit,flutter-sleeve;v-neck,thigh-length;short-sleeve
https://fotos.skm.be/article/500908/500908_05_63d859d072680d0011081d7b.jpg,jeans,casual,green,female,plain,casual,50090805020101,BRAX,Slim_Fit,high-waist,full-length
https://fotos.skm.be/article/504847/504847_01_P23PAB9339AAFA2746_F6090_01.jpg,dress,feminine,green;magenta,female,leaf,dating; summer,50484701030101,Kocca,Unknown,v-neck;a-line,sleeveless;midi
https://fotos.skm.be/article/489601/489601_01_62b20406bf0078001120adc7.jpg,jeans,casual,gray,male,bleached,casual,48960101020101,Scotch & Soda,Slim_Fit,mid-waist,full-length
https://fotos.skm.be/article/487598/487598_02_62e69d1084914a0012e3ec97.jpg,sweatshirt,casual,beige,female,marled,casual,48759802040101,Marc Cain,Slim_Fit,straight-sleeve;turtle-neck,short;long-sleeve
https://fotos.skm.be/article/493345/493345_01_602575fa98e9a60011b44fe2.jpg,jeans,casual,gray,female,bleached,casual,49334501080101,Tom Tailor,Slim_Fit,mid-waist,full-length
https://fotos.skm.be/article/511479/511479_02_64beabb7cca094001123cf30.jpg,jacket,casual,gray,unisex,quilted,winter,51147902040101,Milestone,Oversized_Fit,straight-sleeve;hooded;puffer,thigh-length;long-sleeve
https://fotos.skm.be/article/502687/502687_01_81949-01-6130_01.jpg,trousers_and_chinos,casual,orange,female,Unknown,casual,50268701060101,Xandres Gold,Slim_Fit,high-waist;classic-trousers,3-4-long
https://fotos.skm.be/article/488109/488109_01_61e593f704518b0011259a48.jpg,polo-shirt,casual,gold;yellow,female,Unknown,casual; formal,48810901050101,Rabe,Regular_Fit,straight-sleeve,thigh-length;long-sleeve
https://fotos.skm.be/article/505021/505021_02_Schermafbeelding-2023-04-26-131726.jpg,t-shirt,casual,navy,female,marled,casual,50502102020101,Pepe Jeans,Oversized_Fit,v-neck,short
https://fotos.skm.be/article/487996/487996_01_62857cdf80c7f500112f7a2c.jpg,tops,casual,black;white,female,horizontal-stripes,casual; home-lounge,48799601050101,GERRY WEBER EDITION,Regular_Fit,straight-sleeve;crew-neck,short;long-sleeve
https://fotos.skm.be/article/498333/498333_01_21-223-kinly-317-b-63b6f0e2edec8.jpg,dress,feminine,brown;yellow,female,abstract; brush-stroke,dating; summer,49833301040101,Gigue,Unknown,v-neck;a-line,sleeveless;midi
https://fotos.skm.be/article/489995/489995_02_6175f8a5aca7390011445b7d.jpg,jacket,casual,gray,unisex,quilted,casual,48999502020101,VERO MODA,Regular_Fit,straight-sleeve;hooded;trenchcoat,thigh-length;long-sleeve
https://fotos.skm.be/article/477509/477509_01_618b15050f926800115d7e10.jpg,skirt,feminine,orange;pastel,female,vertical-stripes,dating; nightout; summer,47750901050101,GERRY WEBER,Unknown,high-waist;a-line,midi
https://fotos.skm.be/article/479848/479848_01_701395-9001_700x.jpg,tops,casual,white,female,chevron; geometric; shapes,home-lounge; winter,47984801020101,Nümph,Oversized_Fit,dolman-sleeve;boat-neck,thigh-length;long-sleeve
https://fotos.skm.be/article/485498/485498_01_P22PAB6761AAUN0000_74097.jpg,dress,feminine,black;silver,female,brocade; plain,casual; dating,48549801020101,Kocca,Unknown,straight-sleeve;v-neck;a-line,long-sleeve;midi
https://fotos.skm.be/article/495647/495647_05_62b6f5e6982c5900116fb5bc.jpg,trousers_and_chinos,casual,mustard,female,plain,dating; nightout; semi-formal,49564705020101,BRAX,Slim_Fit,high-waist;chinos,full-length
https://fotos.skm.be/article/509225/509225_01_6347bde52c23650011633cc5.jpg,sweater,casual,green;neon,female,geometric; shapes,home-lounge; winter,50922501020101,ONLY,Regular_Fit,straight-sleeve;crew-neck,cropped;long-sleeve
https://fotos.skm.be/article/501733/501733_01_insta-blouse-korte-mouwen.jpg,dress,casual,green;mint,male,leaf,casual,50173301020101,CKS,Unknown,straight-sleeve;round-neck;bodycon,short-sleeve;skirt-length-undefined
https://fotos.skm.be/article/434292/434292_08_1e22afd34075491eb580a701bd02b482_1000x1000.jpg,skirt,casual,black,female,plain,casual,43429208040101,Caroline Biss,Unknown,high-waist;a-line,maxi
https://fotos.skm.be/article/480889/480889_01_614d37cf278c0f0011a1e356.jpg,dress,feminine,magenta,female,chevron,casual; dating,48088901070101,ONLY Carmakoma,Unknown,straight-sleeve;v-neck;a-line,3-4-sleeve;mini
https://fotos.skm.be/article/510218/510218_01_234186-4180-2-WEB.jpg,blouse,casual,emerald-green,male,glitter,casual,51021801050101,Joseph Ribkoff,Regular_Fit,straight-sleeve;high-neck,short;long-sleeve
https://fotos.skm.be/article/498380/498380_01_SLT275-8075_01C4.jpg,t-shirt,casual,blue;pastel,female,fruits,casual,49838001030101,Bloomings,Slim_Fit,round-neck,short
https://fotos.skm.be/article/501986/501986_01_636ac815ebb4580010eeb8e4.jpg,t-shirt,casual,black;navy,female,animals; fruits,casual,50198601050101,Bianca,Regular_Fit,crew-neck,short
https://fotos.skm.be/article/491749/491749_01_90032-01-8525_01.jpg,dress,feminine,black;gold,female,geometric,casual; dating,49174901050101,Xandres Gold,Unknown,straight-sleeve;v-neck;a-line,3-4-sleeve;midi
https://fotos.skm.be/article/511389/511389_02_08380806_1.jpg,blouse,casual,yellow,female,abstract,casual,51138902030101,King Louie,Regular_Fit,straight-sleeve;high-neck,short;long-sleeve
https://fotos.skm.be/article/491081/491081_01_4240-32.jpg,sweater,casual,brown,female,vertical-stripes,casual; winter,49108101040101,Caroline Biss,Regular_Fit,puff-sleeve;turtle-neck,short;long-sleeve
https://fotos.skm.be/article/498128/498128_01_11-223-445-744_D.jpg,dress,feminine,pink;white,unisex,plain,semi-formal; summer,49812801040101,Terre Bleue,Unknown,round-v-neck;a-line,sleeveless;midi
https://fotos.skm.be/article/489283/489283_01_W2YH10_WD8G2_G7HC_1.jpg,sweatshirt,casual,navy,female,plain,casual,48928301020101,Guess,Regular_Fit,straight-sleeve;boat-neck;everyday-sweatshirt,cropped;long-sleeve
https://fotos.skm.be/article/479946/479946_01_607070b70cbb3d00104cba61.jpg,trousers_and_chinos,casual,khaki,female,gingham,casual; semi-formal,47994601030101,SELECTED FEMME,Flared_Fit,high-waist;classic-trousers,full-length
https://fotos.skm.be/article/494606/494606_01_JODY_dark-blue-and-camel.jpg,dress,casual,navy,female,stripes,casual,49460601030101,FAM the label,Unknown,straight-sleeve;v-neck;a-line,3-4-sleeve;midi
https://fotos.skm.be/article/481308/481308_01_8050885999120---WA2529T3073C3043-I-AF-N-R-01-N.jpg,shirt,casual,pink;white,female,stripes; vertical-stripes,casual,48130801040101,Liu Jo Denim,Oversized_Fit,dolman-sleeve;cutaway,short;long-sleeve
https://fotos.skm.be/article/502614/502614_01_28807-01-6130_01.jpg,tops,casual,orange,female,Unknown,casual,50261401020101,Xandres,Oversized_Fit,puff-sleeve;v-neck,short;short-sleeve
https://fotos.skm.be/article/482111/482111_05_6386abb8e0e05d00110c3b61.jpg,trousers_and_chinos,casual,blue;pastel,female,plain,casual; nightout,48211105080101,Doris Streich,Slim_Fit,high-waist;classic-trousers,3-4-long
https://fotos.skm.be/article/496071/496071_01_6306d979f578880013c0ccbc.jpg,sweater,casual,mustard,female,vertical-stripes,casual; home-lounge; winter,49607101020101,ESPRIT,Oversized_Fit,straight-sleeve;turtle-neck,cropped;long-sleeve
https://fotos.skm.be/article/506695/506695_01_64985b44aabdc700117051cb.jpg,blouse,casual,coral;gray,female,animal-print; zebra,casual; dating; nightout,50669501040101,Marc Cain Sports,Regular_Fit,straight-sleeve;crew-neck,short;long-sleeve
https://fotos.skm.be/article/487415/487415_02_61a45cacdaeb0f0011f600d2.jpg,leggings,casual,nan,female,vertical-stripes,casual,48741502040101,Marc Cain,Unknown,high-waist,full-length
https://fotos.skm.be/article/503912/503912_01_2957-1.jpg,skirt,casual,orange,female,plain,nightout,50391201080101,Verpass,Unknown,high-waist;pencil,mini
https://fotos.skm.be/article/483534/483534_01_28453-01-6290_01.jpg,t-shirt,casual,coral,female,Unknown,casual,48353401020101,Xandres,Oversized_Fit,v-neck,short
https://fotos.skm.be/article/511720/511720_03_28921-01-0040_01.jpg,sweatshirt,casual,black,unisex,Unknown,casual; home-lounge; sport; winter,51172003020101,Xandres,Oversized_Fit,puff-sleeve,short;long-sleeve
https://fotos.skm.be/article/505386/505386_01_63c5142444f7e40010238575.jpg,polo-shirt,casual,brown,male,Unknown,casual,50538601040101,LeComte,Regular_Fit,straight-sleeve,short;long-sleeve
https://fotos.skm.be/article/512911/512911_01_3065-091.jpg,blouse,casual,black;brown,unisex,stripes; vertical-stripes,home-lounge; winter,51291101080101,Verpass,Oversized_Fit,straight-sleeve;crew-neck,thigh-length;long-sleeve
https://fotos.skm.be/article/515689/515689_01_64f7f2f3201f7c0010b67d5b.jpg,trousers_and_chinos,feminine,purple,female,plain,dating; nightout; semi-formal,51568901050101,GERRY WEBER,Regular_Fit,mid-waist;classic-trousers,full-length
https://fotos.skm.be/article/497915/497915_01_449248-1.jpg,jacket,casual,emerald-green,female,chevron; quilted,casual; winter,49791501110101,HOX Italia,Regular_Fit,straight-sleeve;hooded;everyday-overclothes,thigh-length;3-4-sleeve
https://fotos.skm.be/article/479351/479351_01_6171877df9857e0011dae3ef.jpg,dress,casual,emerald-green;silver,female,floral; leaf; natural,casual; dating,47935101020101,ONLY,Unknown,straight-sleeve;v-neck;a-line,3-4-sleeve;midi
https://fotos.skm.be/article/486394/486394_01_ESS067-01-0040_01.jpg,t-shirt,casual,black,unisex,Unknown,casual,48639401050101,Xandres Gold,Oversized_Fit,v-neck,cropped
https://fotos.skm.be/article/499589/499589_01_SU23-lookbook-portrait-zonder10.jpg,trousers_and_chinos,casual,green,male,plain,casual; dating,49958901020101,Hampton Bays,Oversized_Fit,high-waist;classic-trousers,bottoms-length-undefined
https://fotos.skm.be/article/504967/504967_01_63a07c4d8ffa20001000a1c5.jpg,shirt,feminine,green;khaki,unisex,floral; leaf,summer,50496701030101,Scotch & Soda,Oversized_Fit,dolman-sleeve;round-neck,short;short-sleeve
https://fotos.skm.be/article/481221/481221_01_8050885695732---UA2013D418878158-I-AR-N-R-02-N.jpg,jeans,casual,navy,female,bleached; plain,casual,48122101030101,Liu Jo,Slim_Fit,mid-waist,full-length
https://fotos.skm.be/article/502674/502674_01_81949-01-1840_01.jpg,trousers_and_chinos,casual,ecru,female,marled,casual,50267401060101,Xandres Gold,Slim_Fit,high-waist;classic-trousers,3-4-long
https://fotos.skm.be/article/487885/487885_01_62687b9bd8be0d00112c063d.jpg,sweatshirt,casual,black;white,male,chevron,casual,48788501050101,GERRY WEBER,Regular_Fit,straight-sleeve;high-neck;everyday-sweatshirt,short;long-sleeve
https://fotos.skm.be/article/481219/481219_01_8050885690539---UA2006D453878287-I-AF-N-B-01-N.jpg,jeans,casual,blue,unisex,bleached,casual; summer,48121901030101,Liu Jo,Slim_Fit,mid-waist,3-4-long
https://fotos.skm.be/article/480392/480392_01_21-222-HATOU-552_B.jpg,shirt,casual,blue;khaki;pastel,female,plain,casual,48039201040101,Gigue,Regular_Fit,straight-sleeve;polo,cropped;long-sleeve
https://fotos.skm.be/article/506047/506047_01_loving-my-lavender-look.jpg,skirt,casual,blue;mint,male,Unknown,casual,50604701050101,Mayerline,Unknown,high-waist;a-line,midi
https://fotos.skm.be/article/269389/269389_01_56654.jpg,sweatpants,casual,bordeaux,female,Unknown,casual; nightout; semi-formal,26938901020101,TONI,Slim_Fit,high-waist,full-length
https://fotos.skm.be/article/487242/487242_01_624637be36049b0010d141da.jpg,skirt,feminine,red;white,female,brush-stroke,dating; semi-formal,48724201050101,GERRY WEBER,Unknown,high-waist;a-line,midi
https://fotos.skm.be/article/511085/511085_01_11-423-499-575-b-648adb42029c4.jpg,trousers_and_chinos,casual,navy,male,plain,casual,51108501040101,Terre Bleue,Slim_Fit,mid-waist;classic-trousers,full-length
https://fotos.skm.be/article/507951/507951_01_646517bd200b4d00113c7196.jpg,dress,casual,bordeaux;ecru,female,floral,casual; summer,50795101030101,Vera Mont,Unknown,high-neck;pencil,sleeveless;maxi
https://fotos.skm.be/article/487997/487997_01_6271c4e5eee21f0011d5128e.jpg,cardigan,business,blue,female,vertical-stripes,casual,48799701050101,GERRY WEBER EDITION,Regular_Fit,straight-sleeve;v-neck,short;long-sleeve
https://fotos.skm.be/article/509142/509142_01_636c5f3955786c00111990e9.jpg,blouse,casual,beige,female,animal-print,casual; dating; home-lounge,50914201070101,ONLY Carmakoma,Oversized_Fit,straight-sleeve;round-neck,thigh-length;short-sleeve
https://fotos.skm.be/article/490168/490168_01_sawina-midirok-1.jpg,skirt,casual,coral;mustard,unisex,leaf,summer,49016801030101,CKS,Unknown,mid-waist;a-line,mini
https://fotos.skm.be/article/486145/486145_01_rl22s-c6001_b-000_mo_d9.jpg,skirt,feminine,beige;khaki,female,abstract; plain,casual; dating; summer,48614501030101,River Woods,Unknown,high-waist;a-line,maxi
https://fotos.skm.be/article/483498/483498_01_13987-01-0941_01.jpg,blazer,business,blue,female,graph-check,formal; office; semi-formal,48349801030101,Xandres,Regular_Fit,straight-sleeve;notched-collar,short;long-sleeve
https://fotos.skm.be/article/503069/503069_01_08057651_1.jpg,dress,feminine,blue;gray,male,floral,dating,50306901030101,King Louie,Unknown,straight-sleeve;v-neck;a-line,short-sleeve;midi
https://fotos.skm.be/article/506731/506731_01_64f4a39ccf8ea000117a880c.jpg,dress,feminine,gray;yellow,female,Unknown,dating,50673101040101,Marc Cain Sports,Unknown,straight-sleeve;high-neck;a-line,3-4-sleeve;midi
https://fotos.skm.be/article/483036/483036_01_6229c8d810bc710010faf55a.jpg,trousers_and_chinos,casual,beige,female,Unknown,casual,48303601020101,Cambio,Regular_Fit,high-waist;classic-trousers,full-length
https://fotos.skm.be/article/498825/498825_01_123-babe-217-0535-123-babe-217-0535-image_1-123-babe-217-0535_1.jpg,skirt,feminine,purple,female,plain,dating; nightout; semi-formal,49882501040101,Julia June,Unknown,high-waist;a-line,maxi
https://fotos.skm.be/article/488065/488065_01_61e9a4136f6282001142aa61.jpg,sweatshirt,casual,beige;brown,female,animals; shapes,casual; winter,48806501040101,LeComte,Slim_Fit,straight-sleeve;crew-neck,cropped;long-sleeve
https://fotos.skm.be/article/483504/483504_01_13968-01-0945_01.jpg,dress,feminine,lavander,unisex,stripes; vertical-stripes,casual; semi-formal,48350401030101,Xandres,Unknown,straight-sleeve;v-neck;a-line,3-4-sleeve;midi
https://fotos.skm.be/article/492500/492500_01_07352072_4.jpg,blouse,casual,beige,female,dots; shapes,casual; home-lounge,49250001030101,King Louie,Regular_Fit,straight-sleeve;v-neck,cropped;long-sleeve
https://fotos.skm.be/article/509257/509257_01_64b99c0250e15f0010c673d4.jpg,trousers_and_chinos,casual,beige,female,Unknown,casual; nightout; semi-formal,50925701010101,BRAX,Regular_Fit,high-waist;classic-trousers,full-length
https://fotos.skm.be/article/456712/456712_04_cb88c525f289429e977dcd55d170272e_1000x1000.jpg,cardigan,casual,nan,female,plain,dating; semi-formal,45671204040101,Caroline Biss,Oversized_Fit,puff-sleeve;v-neck,thigh-length;3-4-sleeve
https://fotos.skm.be/article/509468/509468_01_456769-1.jpg,blazer,business,ecru,female,glen-check,office; semi-formal,50946801030101,Kocca,Regular_Fit,straight-sleeve;notched-collar,thigh-length;long-sleeve
https://fotos.skm.be/article/509204/509204_03_6335559be3850700110231e0.jpg,sweater,casual,blue,unisex,vertical-stripes,casual; winter,50920403020101,ONLY,Oversized_Fit,puff-sleeve;high-neck,short;long-sleeve
https://fotos.skm.be/article/503111/503111_01_07797301_2.jpg,skirt,casual,blue;navy,female,Unknown,casual,50311101040101,King Louie,Unknown,high-waist;a-line,maxi
https://fotos.skm.be/article/460867/460867_04_620b428f0cccac001143475a.jpg,blouse,casual,magenta,female,bird's-eye,casual,46086704040101,Street One,Regular_Fit,straight-sleeve;round-v-neck,short;long-sleeve
https://fotos.skm.be/article/500616/500616_01_638cbb60ba59ac00116991d9.jpg,t-shirt,casual,nan,female,Unknown,casual,50061601040101,Marc Cain,Oversized_Fit,boat-neck,short
https://fotos.skm.be/article/491816/491816_01_14066-01-0046_01.jpg,trousers_and_chinos,casual,navy,unisex,tartan; windowpane,semi-formal,49181601030101,Xandres,Regular_Fit,high-waist;classic-trousers,full-length
https://fotos.skm.be/article/503391/503391_01_03-27c.jpg,skirt,casual,mustard;white,male,chevron,casual; summer,50339101040101,Caroline Biss,Unknown,high-waist;a-line,midi
https://fotos.skm.be/article/511648/511648_01_28839-01-0186_01.jpg,sweatshirt,casual,ecru,female,marled,casual,51164801020101,Xandres,Oversized_Fit,puff-sleeve;boat-neck,thigh-length;long-sleeve
https://fotos.skm.be/article/510652/510652_01_64413757692bb200115a00bc.jpg,trousers_and_chinos,feminine,beige;black,female,houndstooth,semi-formal,51065201030201,Cambio,Slim_Fit,high-waist;classic-trousers,full-length
https://fotos.skm.be/article/503599/503599_01_5000_5000_437429.jpg,poncho,casual,pink,female,plain,casual,50359901010101,Herzen's Angelegenheit,Unknown,high-neck;cape,short
https://fotos.skm.be/article/497613/497613_02_6363188f15252c001177888c.jpg,blouse,casual,ecru;white,female,plain,casual,49761302050101,GERRY WEBER,Regular_Fit,straight-sleeve;polo,short;long-sleeve
https://fotos.skm.be/article/480274/480274_01_61efe6c6f2beee001581e465.jpg,trousers_and_chinos,casual,white,female,plain,casual,48027401030101,Scotch & Soda,Slim_Fit,high-waist;classic-trousers,full-length
https://fotos.skm.be/article/477657/477657_01_5fd193fd3c004700104401cb.jpg,skirt,casual,black,female,plain,dating; nightout; semi-formal,47765701030101,Taifun,Unknown,mid-waist;pencil,midi
https://fotos.skm.be/article/512155/512155_01_62cedcbb1aa5800011a483b3.jpg,t-shirt,casual,black;gray,female,vertical-stripes,casual; winter,51215501020101,VERO MODA,Slim_Fit,one-shoulder,cropped
https://fotos.skm.be/article/506100/506100_03_63216480335cb30012ed9954.jpg,trousers_and_chinos,casual,khaki,female,Unknown,casual,50610003050101,TONI,Slim_Fit,high-waist;classic-trousers,full-length
https://fotos.skm.be/article/493888/493888_01_61ff2cf26cd07e00114806d5.jpg,tank-top,casual,ecru,female,plain,casual,49388801030101,ESPRIT,Slim_Fit,round-neck;sleeveless,cropped
https://fotos.skm.be/article/500883/500883_01_637ce4f05982a40011ed635e.jpg,trousers_and_chinos,casual,gray,female,vertical-stripes,office; semi-formal,50088301100301,Street One,Regular_Fit,mid-waist;classic-trousers,full-length
https://fotos.skm.be/article/498210/498210_01_11-223-638-63-010_F.jpg,dress,feminine,ecru;white,male,floral; leaf,dating; summer,49821001040101,Terre Bleue,Unknown,v-neck;a-line,sleeveless;midi
https://fotos.skm.be/article/460677/460677_02_742207_9850920_54_1.jpg,trousers_and_chinos,bohemian,beige;brown,female,marled,casual; semi-formal,46067702020101,BRAX,Regular_Fit,mid-waist;classic-trousers,full-length
https://fotos.skm.be/article/487300/487300_01_62631b75e18940001361b77b.jpg,jacket,casual,navy,male,bleached,casual,48730001050101,Betty Barclay,Slim_Fit,straight-sleeve;polo;denim-overclothes,cropped;long-sleeve
https://fotos.skm.be/article/498651/498651_01_6348de4c3b4fd200111ca02f.jpg,trousers_and_chinos,casual,ecru,female,plain,casual,49865101040101,Betty Barclay,Regular_Fit,high-waist;classic-trousers,full-length
https://fotos.skm.be/article/502103/502103_03_63c6617c1548720010d2aee6.jpg,t-shirt,casual,blue,female,plain,casual,50210303080101,Via Appia Due,Regular_Fit,crew-neck,short
https://fotos.skm.be/article/495947/495947_02_6348dda569c3f20010c541df.jpg,t-shirt,casual,coral,female,plain,casual,49594702040101,Betty Barclay,Regular_Fit,crew-neck,short
https://fotos.skm.be/article/492423/492423_01_632a4d9b3714d40011c2cdf1.jpg,blouse,casual,gray;white,female,windowpane,casual; dating,49242301050101,GERRY WEBER EDITION,Regular_Fit,straight-sleeve;round-v-neck,short;long-sleeve
https://fotos.skm.be/article/508335/508335_01_6440cae500d8220010e4aff7.jpg,cardigan,casual,gray,female,checkerboard,casual,50833501080101,Doris Streich,Oversized_Fit,straight-sleeve;round-neck,short;short-sleeve
https://fotos.skm.be/article/490196/490196_01_taranto-wide-leg-fit-lange-broek.jpg,trousers_and_chinos,casual,navy,male,plain; text-print,casual,49019601030101,CKS,Regular_Fit,mid-waist;chinos,full-length
https://fotos.skm.be/article/516205/516205_01_4117-49.jpg,dress,feminine,brown;purple,female,leaf,dating; semi-formal,51620501030101,Caroline Biss,Unknown,straight-sleeve;v-neck;a-line,3-4-sleeve;midi
https://fotos.skm.be/article/502212/502212_01_636e8f022f599400105e835a.jpg,jeans,casual,blue,male,bleached,casual,50221201040101,Fabienne Chapot,Oversized_Fit,mid-waist,full-length
https://fotos.skm.be/article/485341/485341_01_624d435b8ba02e0012fa6ec1.jpg,jeans,casual,navy,female,bleached,casual,48534101060101,TONI,Regular_Fit,mid-waist,full-length
https://fotos.skm.be/article/515667/515667_01_64dc0906a53de00011d4e216.jpg,sweater,modest,turquoise,female,vertical-stripes,home-lounge; winter,51566701050101,GERRY WEBER,Slim_Fit,straight-sleeve;high-neck,short;long-sleeve
https://fotos.skm.be/article/486892/486892_01_61eda8187e458400159825c9.jpg,tank-top,casual,ecru,female,plain,casual,48689201050101,Joseph Ribkoff,Slim_Fit,crew-neck;sleeveless,short
https://fotos.skm.be/article/459605/459605_02_63b37b426b79dd0011264c63.jpg,jeans,casual,red,female,plain,casual; nightout,45960502050101,GERRY WEBER EDITION,Slim_Fit,mid-waist,full-length
https://fotos.skm.be/article/484572/484572_03_62a969dcc3d09600103fbe9d.jpg,skirt,casual,ecru,female,plain,casual; dating; nightout,48457203110101,TONI,Unknown,mid-waist;pencil,midi
https://fotos.skm.be/article/494386/494386_03_WI22-lookbook-portrait-zonder15.jpg,trousers_and_chinos,casual,beige;white,female,plain,casual; home-lounge; winter,49438603020101,Hampton Bays,Slim_Fit,mid-waist;chinos,full-length
https://fotos.skm.be/article/497677/497677_01_63b37b3a8dc372001169a8f2.jpg,dress,feminine,red;white,female,leaf,casual; dating,49767701050101,GERRY WEBER EDITION,Unknown,straight-sleeve;v-neck;a-line,3-4-sleeve;mini
https://fotos.skm.be/article/511793/511793_01_28828-01-1231_01.jpg,sweater,casual,blue,female,bird's-eye,winter,51179301020101,Xandres,Oversized_Fit,straight-sleeve;crew-neck,short-sleeve
https://fotos.skm.be/article/506380/506380_01_6452d5f8a6d9e000118fc8f7.jpg,trousers_and_chinos,casual,black,unisex,vertical-stripes,semi-formal,50638001050101,Bianca,Slim_Fit,high-waist;classic-trousers,full-length
https://fotos.skm.be/article/491077/491077_02_4230-36.jpg,sweater,casual,beige,female,vertical-stripes,home-lounge; winter,49107702040101,Caroline Biss,Regular_Fit,straight-sleeve;v-neck,thigh-length;short-sleeve
https://fotos.skm.be/article/500566/500566_01_63fb7ca7c4898900115c1b8e.jpg,trousers_and_chinos,casual,mustard,female,plain,casual; semi-formal,50056601040101,Marc Cain Sports,Oversized_Fit,high-waist;classic-trousers,full-length
https://fotos.skm.be/article/509245/509245_02_64f1017a86235e001139cc1b.jpg,trousers_and_chinos,casual,gray,female,marled,casual; semi-formal,50924502010101,BRAX,Slim_Fit,high-waist;classic-trousers,full-length
https://fotos.skm.be/article/490754/490754_01_4de13c8e-d09d-49aa-a309-cfc52dc25009.jpg,trousers_and_chinos,feminine,blue,unisex,plain,casual,49075401070101,Part Two,Regular_Fit,mid-waist;chinos,full-length
https://fotos.skm.be/article/513147/513147_01_63c6950b963635001153d5d8.jpg,cardigan,business,navy,female,vertical-stripes,casual,51314701050101,Rabe,Regular_Fit,straight-sleeve;notched-collar,short;long-sleeve
https://fotos.skm.be/article/498430/498430_01_632c5e291e118c0011869b00.jpg,trousers_and_chinos,casual,pastel;pink,female,plain,casual; nightout; semi-formal,49843001040101,Nümph,Regular_Fit,high-waist;classic-trousers,full-length
https://fotos.skm.be/article/488019/488019_01_6271c53df02adf0010cc9958.jpg,sweater,casual,blue,female,bird's-eye,home-lounge; winter,48801901050101,GERRY WEBER EDITION,Oversized_Fit,crew-neck,thigh-length;short-sleeve
https://fotos.skm.be/article/500002/500002_01_6386ab80cae9c900102a0845.jpg,jeans,casual,ecru;white,unisex,plain,casual; sport,50000201080101,Doris Streich,Slim_Fit,high-waist,3-4-long
https://fotos.skm.be/article/509655/509655_01_63dcddd52be2dc001025a0b4.jpg,tops,casual,gray,female,leaf; zebra,casual,50965501050101,Rabe,Regular_Fit,straight-sleeve;crew-neck,short;long-sleeve
https://fotos.skm.be/article/480881/480881_01_PL701812_568_01_FL.jpg,sweater,casual,turquoise,female,vertical-stripes,winter,48088101030101,Pepe Jeans,Oversized_Fit,straight-sleeve;v-neck,short;long-sleeve
https://fotos.skm.be/article/491024/491024_01_wimbledon-a-lijn-lange-jurk.jpg,skirt,casual,green,female,plain,casual; semi-formal,49102401030101,CKS,Unknown,high-waist;a-line,midi
https://fotos.skm.be/article/498261/498261_01_63a07aefe1056c001230c832.jpg,trousers_and_chinos,casual,lavander;pink,unisex,plain,dating; home-lounge; nightout; semi-formal,49826101010301,Scotch & Soda,Regular_Fit,high-waist;classic-trousers,full-length
https://fotos.skm.be/article/495308/495308_01_62abe1ab26f484001143645c.jpg,sweater,casual,ecru,female,marled,winter,49530801030101,ESPRIT,Oversized_Fit,straight-sleeve;crew-neck,short;long-sleeve
https://fotos.skm.be/article/494340/494340_01_62c0a3c5c53df400111c1868.jpg,blazer,business,gray,female,Unknown,office; semi-formal,49434001080101,Doris Streich,Regular_Fit,straight-sleeve;notched-collar,thigh-length;long-sleeve
https://fotos.skm.be/article/485334/485334_03_62151c719624300011556ffd.jpg,trousers_and_chinos,casual,ecru,female,plain,casual; semi-formal,48533403050101,TONI,Slim_Fit,mid-waist;classic-trousers,3-4-long
https://fotos.skm.be/article/502879/502879_01_6346e5a96926b20011a479ae.jpg,trousers_and_chinos,casual,ecru;lavander,female,leaf,casual; nightout,50287901030101,Cambio,Regular_Fit,mid-waist;classic-trousers,full-length
https://fotos.skm.be/article/477529/477529_01_618d1c540ab6ae0014b17016.jpg,shirt,casual,beige;brown,female,animal-print,casual,47752901050101,GERRY WEBER,Regular_Fit,straight-sleeve,short;long-sleeve
https://fotos.skm.be/article/501274/501274_01_8055130577764---WA3124MS64J04869-I-AF-N-R-1-N.jpg,sweater,modest,beige,female,stripes,casual; home-lounge,50127401020101,Liu Jo White Label,Oversized_Fit,dolman-sleeve;v-neck,cropped;long-sleeve
https://fotos.skm.be/article/446958/446958_06_6268e2ac6edf2d001563fcf6.jpg,trousers_and_chinos,casual,ecru,female,marled,casual; semi-formal,44695806020101,BRAX,Regular_Fit,high-waist;classic-trousers,full-length
https://fotos.skm.be/article/487602/487602_01_62e69d13ceffde001136ee93.jpg,skirt,casual,black;white,female,Unknown,dating; nightout,48760201040101,Marc Cain,Unknown,mid-waist;pencil,mini
https://fotos.skm.be/article/491955/491955_01_14097-01-0184_01.jpg,trousers_and_chinos,business,gray,unisex,vertical-stripes,semi-formal,49195501030101,Xandres,Regular_Fit,mid-waist;classic-trousers,full-length
https://fotos.skm.be/article/512921/512921_01_3007-62-1.jpg,blouse,casual,green;purple,female,animal-print; animals,dating; winter,51292101080101,Verpass,Oversized_Fit,straight-sleeve;round-neck,thigh-length;long-sleeve
https://fotos.skm.be/article/499292/499292_01_638fdba96b8d150011397031.jpg,trousers_and_chinos,casual,black;white,female,animals,casual; dating; nightout,49929201040101,Joseph Ribkoff,Flared_Fit,mid-waist;classic-trousers,full-length
https://fotos.skm.be/article/487927/487927_01_620f7e5834547f00133ac787.jpg,hoodie,casual,lavander,female,Unknown,casual; home-lounge,48792701050101,Rabe,Regular_Fit,straight-sleeve,short;long-sleeve
https://fotos.skm.be/article/491966/491966_01_28671-01-0040_01.jpg,sweatshirt,casual,black,female,Unknown,casual; home-lounge; winter,49196601020101,Xandres,Slim_Fit,straight-sleeve;crew-neck,cropped;long-sleeve
https://fotos.skm.be/article/490753/490753_01_30306469_171452_400.jpg,skirt,casual,orange,male,plain,nightout; semi-formal; summer,49075301070101,Part Two,Unknown,high-waist;a-line,midi
https://fotos.skm.be/article/483780/483780_01_3749-48-1.jpg,dress,casual,black;navy,female,dots,casual; semi-formal,48378001080101,Verpass,Unknown,straight-sleeve;v-neck;a-line,3-4-sleeve;mini
https://fotos.skm.be/article/499309/499309_01_638fdc0a710c400011f9d430.jpg,skirt,feminine,navy,female,plain,dating; nightout; winter,49930901050101,Joseph Ribkoff,Unknown,mid-waist;a-line,midi
https://fotos.skm.be/article/483633/483633_01_89914-01-8525_01.jpg,blouse,casual,black;white,female,Unknown,casual,48363301050101,Xandres Gold,Oversized_Fit,straight-sleeve;round-v-neck,short;short-sleeve
https://fotos.skm.be/article/498406/498406_01_5205-337-1.jpg,tank-top,feminine,ecru,female,vertical-stripes,casual; dating; home-lounge,49840601030101,Rosemunde,Regular_Fit,round-neck;sleeveless,short
https://fotos.skm.be/article/507934/507934_01_6488eab56b71450011ac6ef6.jpg,shirt,casual,magenta;yellow,female,Unknown,dating; semi-formal,50793401020101,Geisha,Regular_Fit,puff-sleeve;polo,short;long-sleeve
https://fotos.skm.be/article/486147/486147_01_rl22s-c6002_f-000_s20203_d10.jpg,skirt,feminine,gold;silver,female,abstract,dating,48614701040101,River Woods,Unknown,high-waist;a-line,maxi
https://fotos.skm.be/article/491134/491134_01_8057590424855---WF2375JS923R9555-S-AF-N-N-03-N.jpg,t-shirt,casual,black;gold,female,shapes; text-print,casual,49113401030101,Liu Jo White Label,Regular_Fit,crew-neck,cropped
https://fotos.skm.be/article/484365/484365_01_6248b2f03af5b800110fd8bb.jpg,t-shirt,casual,ecru,female,animals; text-print,casual,48436501020101,ESPRIT,Regular_Fit,v-neck,short
https://fotos.skm.be/article/497775/497775_03_64519c9f27e8860011614a7d.jpg,jeans,casual,gray,female,plain,casual,49777503050101,GERRY WEBER EDITION,Slim_Fit,mid-waist,3-4-long
https://fotos.skm.be/article/496374/496374_01_62de79732b986300112c588d.jpg,trousers_and_chinos,casual,beige,female,Unknown,casual,49637401080101,Via Appia Due,Regular_Fit,high-waist;classic-trousers,3-4-long
https://fotos.skm.be/article/477544/477544_02_618d1c540ab6ae0014b17017.jpg,coat,casual,blue,female,plain,casual,47754402050101,GERRY WEBER,Regular_Fit,straight-sleeve;cutaway;blend-coat,thigh-length;long-sleeve
https://fotos.skm.be/article/489610/489610_01_Large-22156475-FNT.jpg,t-shirt,casual,emerald-green;gray,female,marled; shapes; text-print,casual,48961001020101,Scotch & Soda,Regular_Fit,crew-neck,short
https://fotos.skm.be/article/490189/490189_01_paper-cardigan.jpg,cardigan,casual,canyon-rose,male,Unknown,casual,49018901030101,CKS,Regular_Fit,straight-sleeve;round-v-neck,short;long-sleeve
https://fotos.skm.be/article/491125/491125_01_8057590677749---WF2542E0392X0401-I-AO-N-B-5-N.jpg,skirt,casual,brown,female,plain,casual; dating; winter,49112501040101,Liu Jo White Label,Unknown,high-waist;a-line,midi
https://fotos.skm.be/article/499761/499761_02_6297f66fb4896b0014536d83.jpg,blouse,feminine,coral;red,female,Unknown,casual; summer,49976102020101,ONLY,Regular_Fit,straight-sleeve;v-neck,short;short-sleeve
https://fotos.skm.be/article/512716/512716_01_04-23b.jpg,dress,casual,ecru,female,floral,casual; home-lounge,51271601040101,Caroline Biss,Unknown,dolman-sleeve;round-neck;a-line,long-sleeve;skirt-length-undefined
https://fotos.skm.be/article/480454/480454_01_21-222-TIFF2-331_B.jpg,skirt,casual,ecru;white,female,horizontal-stripes,beach; home-lounge; summer,48045401040101,Gigue,Unknown,high-waist;a-line,midi
https://fotos.skm.be/article/492465/492465_01_07584292_2.jpg,skirt,casual,black;gray,female,dots,casual; home-lounge,49246501030101,King Louie,Unknown,high-waist;a-line,midi
https://fotos.skm.be/article/490379/490379_01_1307547-270-MF_9.jpg,dress,feminine,black;purple,female,marled,casual; dating; semi-formal; winter,49037901410101,Yoek,Unknown,straight-sleeve;round-neck;a-line,long-sleeve;midi
https://fotos.skm.be/article/498094/498094_01_11-223-074-325_B.jpg,sweatshirt,casual,blue;white,female,stripes,casual; summer,49809401040101,Terre Bleue,Oversized_Fit,dolman-sleeve;v-neck,cropped;long-sleeve
https://fotos.skm.be/article/503883/503883_01_5915-1.jpg,cardigan,casual,pink,female,Unknown,casual,50388301080101,Verpass,Slim_Fit,straight-sleeve;v-neck,short;long-sleeve
https://fotos.skm.be/article/487860/487860_01_620f7dd334547f00133ac69b.jpg,sweater,casual,green;navy,female,horizontal-stripes,casual; home-lounge,48786001050101,Rabe,Regular_Fit,straight-sleeve;crew-neck,short;long-sleeve
https://fotos.skm.be/article/503392/503392_01_03-27b.jpg,skirt,casual,white,male,leaf,summer,50339201040101,Caroline Biss,Unknown,high-waist;a-line,midi
https://fotos.skm.be/article/491093/491093_01_4648-29.jpg,shirt,feminine,brown;orange,unisex,geometric; shapes; tartan,casual; semi-formal,49109301040101,Caroline Biss,Regular_Fit,straight-sleeve;high-neck,short;short-sleeve
https://fotos.skm.be/article/306522/306522_01_sommermann-t-shirt-wit-500231_705x705_1192921.jpg,t-shirt,casual,ecru,female,vertical-stripes,casual,30652201020101,Sommermann,Slim_Fit,round-neck,thigh-length
https://fotos.skm.be/article/484474/484474_02_61b69eddf729ce00138d6bac.jpg,trousers_and_chinos,casual,red,female,plain,casual; nightout,48447402020101,Y.A.S,Regular_Fit,high-waist;classic-trousers,full-length
https://fotos.skm.be/article/511698/511698_01_28842-01-6450_01.jpg,coat,business,navy,female,plain,casual; office,51169801020101,Xandres,Oversized_Fit,puff-sleeve;shawl-collar;blend-coat,thigh-length;long-sleeve
https://fotos.skm.be/article/484308/484308_01_62280e77bcd3d10011e8d4ab.jpg,polo-shirt,casual,coral,female,Unknown,casual,48430801030101,ESPRIT,Regular_Fit,straight-sleeve,short;short-sleeve
https://fotos.skm.be/article/495286/495286_01_62975f005b035100113ec285.jpg,dress,feminine,canyon-rose;coral,female,zebra,casual; dating,49528601080101,Frapp,Unknown,straight-sleeve;round-v-neck;a-line,long-sleeve;midi
https://fotos.skm.be/article/483376/483376_01_60792-01-1420_09.jpg,dress,sophisticated,green,female,plain,casual,48337601030101,Xandres,Unknown,straight-sleeve;v-neck;pencil,short-sleeve;midi
https://fotos.skm.be/article/488126/488126_01_61e593f7122d630011da5b20.jpg,tops,feminine,gold,female,Unknown,casual,48812601050101,Rabe,Oversized_Fit,straight-sleeve;round-v-neck,thigh-length;3-4-sleeve
https://fotos.skm.be/article/490815/490815_01_11-422-026-851_B.jpg,sweatshirt,casual,gray,female,Unknown,casual; winter,49081501040101,Terre Bleue,Oversized_Fit,dolman-sleeve;high-neck,short;long-sleeve
https://fotos.skm.be/article/487908/487908_02_6273160040617c0012b946d6.jpg,jacket,casual,khaki,female,quilted,casual; winter,48790802050101,GERRY WEBER EDITION,Regular_Fit,straight-sleeve;hooded;puffer,long;long-sleeve
https://fotos.skm.be/article/504240/504240_01_WW0WW38639_03M.png,dress,casual,black;white,male,horizontal-stripes,casual,50424001030101,Tommy Hilfiger,Unknown,straight-sleeve;round-v-neck;a-line,short-sleeve;mini
https://fotos.skm.be/article/506269/506269_01_642cdb90c4d75e0010591f1e.jpg,t-shirt,feminine,canyon-rose;orange,unisex,floral,casual,50626901020101,ESPRIT,Regular_Fit,round-neck,short
https://fotos.skm.be/article/491951/491951_01_60848-02-0590_01.jpg,shirt,casual,navy,female,plain,casual; office,49195101030101,Xandres,Regular_Fit,straight-sleeve;polo,short;long-sleeve
https://fotos.skm.be/article/499289/499289_01_638fdb7e6b8d150011397025.jpg,dress,casual,white,female,Unknown,casual; dating; nightout,49928901060101,Joseph Ribkoff,Unknown,boat-neck;bodycon,sleeveless;midi
https://fotos.skm.be/article/513383/513383_03_223-mies-111-0695-223-mies-111-0695-image_1-223-mies-111-0695_1.jpg,skirt,casual,navy,female,plain,casual; semi-formal,51338303020101,Her.,Unknown,high-waist;a-line,midi
https://fotos.skm.be/article/484148/484148_01_61606.jpg,skirt,casual,black;yellow,female,Unknown,dating; summer,48414801040101,Caroline Biss,Unknown,high-waist;a-line,midi
https://fotos.skm.be/article/508838/508838_01_64ed6abc09ccc40011adc7b4.jpg,coat,business,beige,female,marled,winter,50883801040101,Street One,Regular_Fit,straight-sleeve;hooded;everyday-overclothes,long;long-sleeve
https://fotos.skm.be/article/463137/463137_01_mayerline-tetra-bloesje-met-kapmouwtjes_S2022ANKA3775780-A.jpg,skirt,casual,nan,female,Unknown,casual,46313701050101,Mayerline,Unknown,high-waist;a-line,skirt-length-undefined
https://fotos.skm.be/article/477879/477879_01_61bc5ceabded9900116a25fd.jpg,jeans,casual,khaki,female,plain,casual; semi-formal,47787901020101,MAC,Slim_Fit,low-waist,3-4-long
https://fotos.skm.be/article/507300/507300_01_63c1a2cbccca310010195428.jpg,blouse,feminine,ecru;pastel,female,fruits,semi-formal; summer,50730001040101,Fabienne Chapot,Regular_Fit,straight-sleeve;high-neck,short;long-sleeve
https://fotos.skm.be/article/487453/487453_03_626a320fd8be0d00112d0f38.jpg,sportswear,casual,navy,unisex,bleached,casual,48745303030101,RAPHAELA by BRAX,Unknown,high-waist;sport-shorts,full-length
https://fotos.skm.be/article/483877/483877_01_9814506-230-MC.jpg,tunic,casual,black;navy,female,dots,casual,48387701410101,Yoek,Regular_Fit,dolman-sleeve;round-v-neck,thigh-length;long-sleeve
https://fotos.skm.be/article/512651/512651_01_02-07.jpg,sweatshirt,casual,purple,female,plain,casual,51265101040101,Caroline Biss,Regular_Fit,straight-sleeve;shawl-collar;everyday-sweatshirt,short;long-sleeve
https://fotos.skm.be/article/480402/480402_01_A.jpg,dress,feminine,blue,female,graph-check,casual,48040201050101,Gigue,Unknown,puff-sleeve;round-neck;a-line,long-sleeve;midi
https://fotos.skm.be/article/489495/489495_01_62bc9255450de900135b7fac.jpg,trousers_and_chinos,casual,black,female,plain,casual,48949501100201,Street One,Regular_Fit,mid-waist;classic-trousers,full-length
https://fotos.skm.be/article/485284/485284_01_620714464c65af001242eb65.jpg,dress,feminine,green;white,female,Unknown,semi-formal; summer,48528401080101,Tom Tailor,Unknown,straight-sleeve;v-neck;a-line,short-sleeve;midi
https://fotos.skm.be/article/490108/490108_01_61e68dee7416530016939c80.jpg,sweater,casual,black,male,vertical-stripes,casual,49010801410101,ONLY Carmakoma,Slim_Fit,straight-sleeve;turtle-neck,short;long-sleeve
https://fotos.skm.be/article/502599/502599_01_14169-01-6130_01.jpg,trousers_and_chinos,casual,orange,female,plain,casual; nightout,50259901030101,Xandres,Regular_Fit,high-waist;classic-trousers,full-length
https://fotos.skm.be/article/503323/503323_01_01-06c.jpg,cardigan,casual,navy,female,Unknown,casual; dating; semi-formal,50332301040101,Caroline Biss,Oversized_Fit,dolman-sleeve;high-neck,thigh-length;3-4-sleeve
https://fotos.skm.be/article/494418/494418_02_WI22-beeldenklanten-campagne-zndrlogo.jpg,sweatshirt,casual,coral;white,female,chevron,casual,49441802020101,Hampton Bays,Regular_Fit,straight-sleeve;everyday-sweatshirt,cropped;long-sleeve
https://fotos.skm.be/article/506675/506675_01_64eb69948cca3000106d47d0.jpg,trousers_and_chinos,casual,green;yellow,female,floral; leaf,casual,50667501050101,Marc Cain,Slim_Fit,high-waist;classic-trousers,full-length
https://fotos.skm.be/article/495928/495928_02_6348de2cb44abe0011c09734.jpg,trousers_and_chinos,feminine,navy,female,Unknown,dating; nightout; semi-formal,49592802040101,Betty Barclay,Oversized_Fit,mid-waist;classic-trousers,full-length
https://fotos.skm.be/article/497452/497452_01_mayerline-loose-fit-tuniekblouse-met-vintage-finish_S2023JEMIR7020080-1.jpg,blouse,casual,lavander,male,plain,casual,49745201050101,Mayerline,Oversized_Fit,straight-sleeve;v-neck,cropped;long-sleeve
https://fotos.skm.be/article/499684/499684_01_632291ec335cb30012ee0a08.jpg,dress,feminine,beige,female,plain,casual; dating; semi-formal,49968401020101,ONLY,Unknown,polo;pencil,short-sleeve;midi
https://fotos.skm.be/article/483482/483482_01_60768-01-0940_01.jpg,trousers_and_chinos,feminine,navy,female,plain,casual; dating; nightout; semi-formal,48348201030101,Xandres,Regular_Fit,high-waist;classic-trousers,full-length
https://fotos.skm.be/article/503220/503220_01_6340dd8b9821710010be8211.jpg,overclothes-sleeveless,casual,ecru,female,quilted,casual; sport,50322001020101,Y.A.S,Regular_Fit,high-neck;vests,short
https://fotos.skm.be/article/498271/498271_02_63a07756a3acff0010c22f0c.jpg,jumpsuit,casual,black;gray,female,Unknown,casual,49827102170101,Scotch & Soda,Regular_Fit,straight-sleeve;round-neck,short-sleeve;full-length
https://fotos.skm.be/article/507674/507674_01_W3YD63_WFKY2_A604_1.jpg,skirt,feminine,magenta,female,plain,dating; nightout,50767401020101,Guess,Unknown,mid-waist;pencil,mini
https://fotos.skm.be/article/498618/498618_02_Schermafbeelding-2022-12-26-153240.jpg,t-shirt,casual,white,female,marled; text-print; varsity-striped,casual,49861802020101,Tommy Hilfiger,Regular_Fit,crew-neck,cropped
https://fotos.skm.be/article/509272/509272_01_64d2a8724c6f9a00114673c9.jpg,sweatshirt,casual,beige,unisex,leaf,casual; home-lounge; winter,50927201030101,BRAX,Regular_Fit,straight-sleeve;crew-neck,short;long-sleeve
https://fotos.skm.be/article/482255/482255_01_upload9223368955666040249.jpg,hoodie,casual,gray,female,marled,casual; home-lounge,48225501020101,Superdry,Regular_Fit,straight-sleeve,short;long-sleeve
https://fotos.skm.be/article/477838/477838_01_616ee862c795fe0011ca7321.jpg,blouse,casual,green;purple,female,Unknown,casual,47783801040101,Betty Barclay,Regular_Fit,straight-sleeve;crew-neck,short;long-sleeve
https://fotos.skm.be/article/515672/515672_01_64f7f209e8d5840011433676.jpg,dress,minimalism,black;gray,female,plain,dating; formal; nightout; office,51567201050101,GERRY WEBER,Unknown,straight-sleeve;round-v-neck;pencil,long-sleeve;mini
https://fotos.skm.be/article/490325/490325_03_KNW1702V_Z865_1.jpg,hoodie,casual,black,male,plain,casual; home-lounge,49032503020101,Lyle & Scott,Regular_Fit,straight-sleeve,short;long-sleeve
https://fotos.skm.be/article/499137/499137_01_30304923_301840_500.jpg,shirt,casual,beige;black,female,vertical-stripes,casual,49913701050101,Part Two,Regular_Fit,dolman-sleeve;v-neck,short;3-4-sleeve
https://fotos.skm.be/article/503233/503233_01_633fb27d8d4c1b001102f9be.jpg,sweater,casual,beige;ecru,female,horizontal-stripes,casual,50323301020101,Y.A.S,Oversized_Fit,straight-sleeve;crew-neck,short;long-sleeve
https://fotos.skm.be/article/509645/509645_01_63dcdd9bf74499001070be3b.jpg,polo-shirt,casual,gray;green,female,camo,casual; summer,50964501050101,Rabe,Regular_Fit,straight-sleeve,short;long-sleeve
https://fotos.skm.be/article/505659/505659_01_3656-61.jpg,blouse,casual,green,female,plain,casual; dating,50565901040101,Caroline Biss,Regular_Fit,flutter-sleeve;v-neck,short;short-sleeve
https://fotos.skm.be/article/490869/490869_01_11-422-439-601_B.jpg,dress,casual,gray,female,Unknown,casual; dating; nightout; semi-formal,49086901040101,Terre Bleue,Unknown,straight-sleeve;v-neck;a-line,3-4-sleeve;mini
https://fotos.skm.be/article/507566/507566_01_skipper-midirok.jpg,skirt,feminine,navy,female,plain,casual,50756601040101,CKS,Unknown,mid-waist;pencil,midi
https://fotos.skm.be/article/480759/480759_02_mayerline-chino-in-gekleurd-stretchdenim_S2022MIRTE5772093-1.jpg,trousers_and_chinos,feminine,nan,female,plain,casual; nightout; semi-formal,48075902050101,Mayerline,Slim_Fit,high-waist;classic-trousers,full-length
https://fotos.skm.be/article/504152/504152_01_232908-4025-2.jpg,blouse,casual,orange,female,plain,casual,50415201050101,Joseph Ribkoff,Oversized_Fit,dolman-sleeve;boat-neck,short;short-sleeve
https://fotos.skm.be/article/509747/509747_01_459734-1.jpg,blouse,casual,beige;mustard,female,leaf; zebra,semi-formal,50974701040101,Senso,Regular_Fit,straight-sleeve;round-v-neck,short;long-sleeve
https://fotos.skm.be/article/494112/494112_02_632406a74727f60012069fca.jpg,jeans,casual,navy,female,Unknown,casual,49411202030101,RAPHAELA by BRAX,Slim_Fit,high-waist,full-length
https://fotos.skm.be/article/477988/477988_01_616ed3bc8b73ea00119f4cab.jpg,t-shirt,casual,gray;green,female,floral; leaf; natural,summer,47798801050101,Betty Barclay,Regular_Fit,round-neck,short
https://fotos.skm.be/article/487988/487988_01_620f998f164ae800111f7199.jpg,sweatshirt,casual,beige;brown,male,abstract,winter,48798801040101,LeComte,Regular_Fit,straight-sleeve;high-neck,short;long-sleeve
https://fotos.skm.be/article/482852/482852_01_55767-5087_11_700x.jpg,jumpsuit,casual,blue,female,animal-print; retro,casual; dating,48285201020101,Second Female,Oversized_Fit; Slim_Fit,flare-sleeve,long-sleeve;bottoms-length-undefined
https://fotos.skm.be/article/495933/495933_01_6348de0c3b4fd200111c9fc2.jpg,trousers_and_chinos,feminine,pink,female,plain,casual; semi-formal,49593301040101,Betty Barclay,Slim_Fit,mid-waist;classic-trousers,full-length
https://fotos.skm.be/article/477618/477618_01_618d14a90ab6ae0014b16c1e.jpg,t-shirt,casual,green,female,brush-stroke,casual,47761801050101,GERRY WEBER CASUAL,Regular_Fit,boat-neck,short
https://fotos.skm.be/article/513083/513083_02_637de54ce738e1001191483f.jpg,shirt,business,ecru;white,unisex,stripes; vertical-stripes,casual,51308302020101,VERO MODA,Oversized_Fit,straight-sleeve;cutaway,thigh-length;long-sleeve
https://fotos.skm.be/article/470463/470463_03_61b3a901eefd3a0011827270.jpg,cardigan,casual,gray,female,Unknown,home-lounge; winter,47046303120101,ONLY Carmakoma,Oversized_Fit,puff-sleeve;v-neck,short;long-sleeve
https://fotos.skm.be/article/512374/512374_01_64f74406cf8ea000117ce7ba.jpg,shirt,casual,lavander;purple,female,Unknown,office; summer,51237401040101,Street One,Regular_Fit,straight-sleeve;cutaway,short;long-sleeve
https://fotos.skm.be/article/487825/487825_01_627c43ab865fe100111345a7.jpg,trousers_and_chinos,casual,navy,female,plain,casual; dating,48782501050101,GERRY WEBER,Regular_Fit,mid-waist;classic-trousers,full-length
https://fotos.skm.be/article/488006/488006_01_629fdacf061c460011b7dfa1.jpg,blouse,casual,brown;khaki,unisex,animals; floral; shapes,casual; home-lounge,48800601050101,GERRY WEBER EDITION,Regular_Fit,straight-sleeve;boat-neck,short;3-4-sleeve
https://fotos.skm.be/article/488105/488105_01_63106c5f1661020011778fff.jpg,cardigan,casual,khaki,female,plain,casual; winter,48810501050101,Rabe,Oversized_Fit,straight-sleeve,thigh-length;long-sleeve
https://fotos.skm.be/article/499474/499474_01_5f05c78177de250011be23bb.jpg,tank-top,casual,black,female,plain,casual,49947401040101,SCHIESSER,Slim_Fit,round-neck;sleeveless,cropped
https://fotos.skm.be/article/494446/494446_02_0235-48-1.jpg,trousers_and_chinos,casual,navy,female,Unknown,casual,49444602080101,Verpass,Slim_Fit,high-waist;casual,full-length
https://fotos.skm.be/article/500094/500094_01_627a392f4dfb7d00110c084e.jpg,sweater,casual,gray;khaki,unisex,horizontal-stripes,casual,50009401050101,Rabe,Regular_Fit,straight-sleeve;high-neck,short;long-sleeve
https://fotos.skm.be/article/483521/483521_01_28456-01-0046_01.jpg,t-shirt,casual,white,unisex,horizontal-stripes,casual,48352101020101,Xandres,Oversized_Fit,boat-neck,thigh-length
https://fotos.skm.be/article/484958/484958_01_62219c57dda45800119246b5.jpg,trousers_and_chinos,casual,navy,female,plain,casual; semi-formal,48495801020101,BRAX,Slim_Fit,high-waist;chinos,full-length
https://fotos.skm.be/article/434311/434311_03_c0056f52bbc14820a1f4db9b6546cb9a_1000x1000.jpg,dress,feminine,mustard;orange,female,floral; leaf,casual,43431103050101,Caroline Biss,Unknown,straight-sleeve;v-neck;a-line,3-4-sleeve;midi
https://fotos.skm.be/article/478351/478351_01_122-bobbie-239-0175-122-bobbie-239-0175-image_2-122-bobbie-239-0175_2.jpg,skirt,feminine,mustard,male,plain,casual; dating,47835101030101,Julia June,Unknown,high-waist;a-line,midi
https://fotos.skm.be/article/486371/486371_04_ESS015-01-8521_01.jpg,trousers_and_chinos,casual,black,female,vertical-stripes,casual; nightout,48637104110101,Xandres Gold,Slim_Fit,high-waist;classic-trousers,full-length
https://fotos.skm.be/article/489810/489810_01_CSN0380223_1610_V.jpg,overclothes-sleeveless,casual,beige,female,quilted,casual,48981001030101,Creenstone,Regular_Fit,hooded;vests,short
https://fotos.skm.be/article/510509/510509_01_644b95578d8b310011edef0c.jpg,tops,casual,black;white,female,houndstooth,casual; formal; office; semi-formal,51050901050101,Rabe,Regular_Fit,straight-sleeve;high-neck,short;long-sleeve
https://fotos.skm.be/article/484915/484915_05_60c9865e13dfdc0013b433a8.jpg,trousers_and_chinos,casual,navy,female,Unknown,casual,48491505030101,TONI,Slim_Fit,high-waist;classic-trousers,3-4-long
https://fotos.skm.be/article/495283/495283_01_62975ede01ca770011bbbad4.jpg,blouse,casual,brown;gray,female,floral,casual,49528301080101,Frapp,Regular_Fit,straight-sleeve;hooded,short;long-sleeve
https://fotos.skm.be/article/483416/483416_01_28376-01-1310_01.jpg,sweatshirt,casual,mint,female,Unknown,casual,48341601020101,Xandres,Slim_Fit,v-neck,cropped;sleeveless
https://fotos.skm.be/article/512699/512699_01_05-15b.jpg,skirt,feminine,navy;purple,female,Unknown,dating,51269901040101,Caroline Biss,Unknown,high-waist;a-line,midi
https://fotos.skm.be/article/494602/494602_01_JESS_pinstripe-brown.jpg,trousers_and_chinos,casual,black,female,plain,office; semi-formal,49460201030101,FAM the label,Oversized_Fit,mid-waist;classic-trousers,full-length
https://fotos.skm.be/article/501283/501283_02_8055130440297---WA3512T8876Q9359-I-AR-N-N-2-N.jpg,blouse,casual,green;white,male,dots,casual; summer,50128302040101,Liu Jo White Label,Oversized_Fit,straight-sleeve;polo,thigh-length;long-sleeve
https://fotos.skm.be/article/481746/481746_01_61eb7b54f2beee0015792519.jpg,skirt,feminine,blue;mustard,female,abstract; floral,casual; dating; nightout,48174601030101,Street One,Unknown,high-waist;a-line,midi
https://fotos.skm.be/article/491078/491078_01_4727-79.jpg,skirt,bohemian,bordeaux;brown,female,Unknown,summer,49107801040101,Caroline Biss,Unknown,high-waist;a-line,midi
https://fotos.skm.be/article/501295/501295_01_8055130406842---WA3418JS923Q9270-I-AF-N-R-1-N.jpg,t-shirt,casual,white,female,text-print,casual,50129501020101,Liu Jo White Label,Regular_Fit,v-neck,short
https://fotos.skm.be/article/500676/500676_01_63aafffb78335e0011f44215.jpg,jeans,casual,navy,female,bleached,casual,50067601040101,Marc Cain Pants,Slim_Fit,mid-waist,full-length
https://fotos.skm.be/article/434268/434268_04_cfc47f75a9204b6591e44b17c96c59ce_1000x1000.jpg,trousers_and_chinos,casual,black,female,plain,casual,43426804040101,Caroline Biss,Slim_Fit,mid-waist;classic-trousers,bottoms-length-undefined
https://fotos.skm.be/article/487846/487846_01_620f7e1bb4ce820011595593.jpg,sweater,casual,gray,female,horizontal-stripes,home-lounge; winter,48784601050101,Rabe,Regular_Fit,straight-sleeve;crew-neck,short;long-sleeve
https://fotos.skm.be/article/480282/480282_01_61eff30ff2beee001581ef62.jpg,sweatshirt,casual,green,male,ombre; text-print,casual,48028201030101,Scotch & Soda,Regular_Fit,straight-sleeve;crew-neck;everyday-sweatshirt,cropped;long-sleeve
https://fotos.skm.be/article/505310/505310_01_63fc28e0e910c20010ccf9b2.jpg,dress,feminine,turquoise,female,plain,dating; nightout,50531001030101,ESPRIT,Unknown,straight-sleeve;v-neck;a-line,short-sleeve;midi
https://fotos.skm.be/article/509813/509813_01_1924636-240-MC.jpg,tunic,casual,black;green,female,leaf,dating; semi-formal; summer,50981301410101,Yoek,Oversized_Fit,dolman-sleeve;round-neck,thigh-length;long-sleeve
https://fotos.skm.be/article/498369/498369_01_21-223-TUDORA-620_B.jpg,skirt,feminine,blue,female,plain,casual; semi-formal,49836901040101,Gigue,Unknown,high-waist;a-line,midi
https://fotos.skm.be/article/511069/511069_01_11-423-476-400-b-64f5cbfd676d7.jpg,blouse,bohemian,emerald-green;green,female,floral,casual,51106901040101,Terre Bleue,Slim_Fit,straight-sleeve;high-neck,short;long-sleeve
https://fotos.skm.be/article/505594/505594_03_64a8780729d5180011733c45.jpg,jeans,casual,navy,female,bleached,casual,50559403020101,BRAX,Slim_Fit,high-waist,full-length
https://fotos.skm.be/article/501458/501458_01_mickeydo-blouse-lange-mouwen.jpg,blouse,casual,navy,female,Unknown,casual; dating; semi-formal,50145801020101,CKS,Regular_Fit,straight-sleeve;high-neck,cropped;long-sleeve
https://fotos.skm.be/article/504248/504248_01_WW0WW37873_C19.png,t-shirt,casual,blue,female,plain; vertical-stripes,casual; semi-formal,50424801020101,Tommy Hilfiger,Regular_Fit,v-neck,cropped
https://fotos.skm.be/article/479499/479499_01_60f1cce574478900112bc780.jpg,t-shirt,casual,ecru,male,animals; text-print,casual,47949901020101,Fabienne Chapot,Regular_Fit,crew-neck,short
https://fotos.skm.be/article/486138/486138_02_rl22s-c5104_a-000_sang_f.jpg,t-shirt,casual,coral,female,plain,casual; summer,48613802030101,River Woods,Regular_Fit,round-v-neck,cropped
https://fotos.skm.be/article/512630/512630_01_01-16b.jpg,blazer,casual,navy,female,vertical-stripes,dating; formal; nightout; office; semi-formal,51263001040101,Caroline Biss,Regular_Fit,straight-sleeve;shawl-collar,thigh-length;long-sleeve
https://fotos.skm.be/article/495902/495902_02_6348dfcd0e4c92001150c481.jpg,dress,feminine,magenta,female,plain,dating; nightout,49590202050101,Vera Mont,Unknown,straight-sleeve;v-neck;pencil,3-4-sleeve;mini
https://fotos.skm.be/article/488829/488829_01_mayerline-kostuumbroek-in-jacquard_W2022CANBER6043032-1.jpg,trousers_and_chinos,casual,brown;silver,female,plain,casual,48882901050101,Mayerline,Oversized_Fit,mid-waist;classic-trousers,full-length
https://fotos.skm.be/article/445720/445720_04_03-16.jpg,dress,casual,lavander;navy,female,stripes,casual; dating,44572004040101,Caroline Biss,Unknown,puff-sleeve;v-neck;a-line,short-sleeve;midi
https://fotos.skm.be/article/503676/503676_01_CF1720033W_193911_2.jpg,skirt,casual,black,female,damask; leaf,casual; dating,50367601020101,Mexx,Unknown,high-waist;a-line,midi
https://fotos.skm.be/article/507798/507798_01_6449fc1c27e88600115f25f0.jpg,blazer,business,purple,female,plain,office; semi-formal,50779801050101,GERRY WEBER,Regular_Fit,straight-sleeve;notched-collar,thigh-length;long-sleeve
https://fotos.skm.be/article/502559/502559_01_60988-01-0250_01.jpg,tank-top,casual,blue,female,plain,casual,50255901030101,Xandres,Regular_Fit,round-neck;sleeveless,short
https://fotos.skm.be/article/510198/510198_01_234915-273-2-WEB.jpg,cardigan,casual,navy,female,marled,casual,51019801030101,Joseph Ribkoff,Oversized_Fit,dolman-sleeve;v-neck,thigh-length;short-sleeve
https://fotos.skm.be/article/502129/502129_01_63c66178963635001153a804.jpg,t-shirt,casual,blue;navy,unisex,floral; leaf,casual,50212901080101,Frapp,Regular_Fit,crew-neck,short
https://fotos.skm.be/article/516204/516204_01_6451df75cfdb6c001141d0a2.jpg,trousers_and_chinos,casual,silver,female,glitter,casual; nightout,51620401080101,Doris Streich,Regular_Fit,high-waist;classic-trousers,full-length
https://fotos.skm.be/article/487392/487392_01_61eda6bd6f62820011499589.jpg,cardigan,casual,ecru,female,plain,casual; office; semi-formal,48739201060101,Joseph Ribkoff,Oversized_Fit,straight-sleeve;shawl-collar,thigh-length;3-4-sleeve
https://fotos.skm.be/article/487268/487268_01_618d1c7a3b032800118b260d.jpg,t-shirt,casual,ecru;white,male,abstract; natural; text-print,casual,48726801050101,GERRY WEBER,Regular_Fit,crew-neck,short
https://fotos.skm.be/article/505750/505750_01_57642-7002_15.jpg,trousers_and_chinos,casual,gray,male,plain,dating; office; semi-formal,50575001030101,Second Female,Regular_Fit,mid-waist;classic-trousers,full-length
https://fotos.skm.be/article/498368/498368_01_21-223-TOUMA2-317_B.jpg,skirt,casual,brown;yellow,female,abstract; brush-stroke,dating; summer,49836801040101,Gigue,Unknown,high-waist;a-line,midi
https://fotos.skm.be/article/512658/512658_01_02-16b.jpg,jumpsuit,casual,mustard;orange,female,geometric; shapes,dating,51265801040101,Caroline Biss,Regular_Fit; Oversized_Fit,straight-sleeve;round-neck,long-sleeve;full-length
https://fotos.skm.be/article/482840/482840_01_55984-7032_11_700x.jpg,skirt,casual,blue;ecru,unisex,floral; leaf,dating; summer,48284001020101,Second Female,Unknown,high-waist;a-line,midi
https://fotos.skm.be/article/512988/512988_02_6465153dfbbcd700108ade9a.jpg,tops,casual,bordeaux,unisex,bird's-eye,sport,51298802050101,Betty Barclay,Oversized_Fit,straight-sleeve;v-neck,thigh-length;long-sleeve
https://fotos.skm.be/article/496062/496062_01_6306d91da2f691001079378b.jpg,jeans,casual,gray,female,Unknown,casual,49606201040101,ESPRIT,Flared_Fit,mid-waist,full-length
https://fotos.skm.be/article/510973/510973_01_11-555-025-001-b-64f5cc3a63a2e.jpg,tops,casual,white,male,plain,casual,51097301040101,Terre Bleue,Regular_Fit,straight-sleeve;turtle-neck,cropped;3-4-sleeve
https://fotos.skm.be/article/490816/490816_01_139662_01_Terre-Bleue_W-Apropos-damesboetiek_20_11-422-026-879_B-.jpg,sweatshirt,casual,beige;orange,female,abstract; chevron,casual; winter,49081601040101,Terre Bleue,Regular_Fit,dolman-sleeve,short;long-sleeve
https://fotos.skm.be/article/497688/497688_01_6363188870d1cd001199ec20.jpg,cardigan,casual,nan,female,marled; plain,casual,49768801050101,GERRY WEBER EDITION,Slim_Fit,straight-sleeve;v-neck,short;long-sleeve
https://fotos.skm.be/article/481282/481282_01_8050885941426---WA2091T5191S9509-I-AF-N-R-01-N.jpg,blouse,casual,magenta;white,female,floral,casual,48128201040101,Liu Jo Denim,Regular_Fit,flutter-sleeve;round-neck,short;short-sleeve
https://fotos.skm.be/article/502462/502462_01_14123-01-2386_01.jpg,trousers_and_chinos,feminine,pink,female,gingham; graph-check,dating; semi-formal,50246201030101,Xandres,Regular_Fit,high-waist;classic-trousers,full-length
https://fotos.skm.be/article/511605/511605_02_Hires-23163581-FNT.jpg,t-shirt,casual,emerald-green,unisex,plain,casual; nightout,51160502020101,Scotch & Soda,Regular_Fit,v-neck,cropped
https://fotos.skm.be/article/505771/505771_01_61001-01-9840_01.jpg,t-shirt,casual,ecru,female,plain,casual,50577101030101,Xandres,Oversized_Fit,boat-neck,cropped
https://fotos.skm.be/article/499115/499115_01_1627786-201-MC.jpg,dress,feminine,emerald-green;green,unisex,paisley,dating,49911501410101,Yoek,Unknown,straight-sleeve;v-neck;a-line,3-4-sleeve;midi
https://fotos.skm.be/article/492813/492813_01_437726-1.jpg,trousers_and_chinos,feminine,mustard,female,Unknown,casual; dating,49281301040101,Due Amanti,Flared_Fit,low-waist;classic-trousers,above-knee
https://fotos.skm.be/article/497716/497716_01_63801bee741f4a001105d466.jpg,trousers_and_chinos,casual,beige;ecru,female,animal-print,casual,49771601050101,GERRY WEBER EDITION,Oversized_Fit,high-waist;classic-trousers,full-length
https://fotos.skm.be/article/504413/504413_01_62fa0f8205394300121e1c7e.jpg,blouse,casual,white;yellow,female,animals; leaf; natural,summer,50441301050101,LeComte,Regular_Fit,straight-sleeve;round-neck,short;3-4-sleeve
https://fotos.skm.be/article/477970/477970_01_616eec9f9b0de50011bf302a.jpg,skirt,feminine,beige,female,plain,dating; winter,47797001040101,Betty Barclay,Unknown,high-waist;a-line,midi
https://fotos.skm.be/article/482453/482453_01_SR20211017DBSS22-10.jpg,blouse,business,magenta,female,plain,casual,48245301040101,Dame Blanche,Regular_Fit,straight-sleeve;v-neck,short;3-4-sleeve
https://fotos.skm.be/article/505479/505479_01_64651594287eb20011aada8e.jpg,cardigan,business,gray,female,marled,casual; winter,50547901050101,Betty Barclay,Regular_Fit,straight-sleeve;v-neck,long;long-sleeve
https://fotos.skm.be/article/480377/480377_01_21-222-EKLA-331_B.jpg,sweatshirt,casual,nan,male,net,casual,48037701040101,Gigue,Oversized_Fit,straight-sleeve;v-neck,cropped;3-4-sleeve
https://fotos.skm.be/article/481736/481736_01_61f2bb1ebb2f87001486f5c6.jpg,tops,casual,khaki,male,text-print,casual,48173601040101,Street One,Regular_Fit,straight-sleeve;round-neck,thigh-length;3-4-sleeve
https://fotos.skm.be/article/500909/500909_01_63d859eac911e10011dc2371.jpg,trousers_and_chinos,casual,navy,female,bleached,casual,50090901020101,BRAX,Regular_Fit,high-waist;chinos,full-length
https://fotos.skm.be/article/502178/502178_01_62c48047342f100011c58cc7.jpg,dress,feminine,pink,female,shapes,dating,50217801040101,Fabienne Chapot,Unknown,straight-sleeve;high-neck;a-line,short-sleeve;midi
https://fotos.skm.be/article/435840/435840_19_63d0ef27cf6282001191a2b7.jpg,trousers_and_chinos,casual,nan,male,plain,casual; semi-formal,43584019030101,TONI,Slim_Fit,high-waist;chinos,full-length
https://fotos.skm.be/article/497394/497394_01_mayerline-easy-care-broek-op-elastiek_S2023X-CADOX7000262-1.jpg,trousers_and_chinos,casual,purple,female,plain,casual,49739401050101,Mayerline,Regular_Fit,mid-waist;classic-trousers,full-length
https://fotos.skm.be/article/497740/497740_01_643de7ac08803200116543bb.jpg,skirt,feminine,navy;white,female,geometric,casual,49774001050101,GERRY WEBER,Unknown,high-waist;a-line,midi
https://fotos.skm.be/article/483477/483477_01_90014-01-0046_01.jpg,blouse,casual,gray;white,male,horizontal-stripes,casual,48347701050101,Xandres Gold,Oversized_Fit,straight-sleeve;boat-neck,thigh-length;short-sleeve
https://fotos.skm.be/article/509827/509827_01_1905543-210-MF.jpg,trousers_and_chinos,casual,nan,female,plain,casual,50982701410101,Yoek,Regular_Fit,high-waist;classic-trousers,full-length
https://fotos.skm.be/article/485225/485225_01_6398_06906001_1.jpg,t-shirt,casual,black,female,text-print,casual,48522501030101,King Louie,Regular_Fit,round-neck,cropped
https://fotos.skm.be/article/488088/488088_02_63106ca7a9139c00129bee4a.jpg,jeans,casual,navy,female,bleached,casual,48808802050101,Rabe,Slim_Fit,mid-waist,3-4-long
https://fotos.skm.be/article/479659/479659_01_61eda7f090cff100106c481f.jpg,blouse,casual,yellow,female,plain,dating; semi-formal,47965901030101,Joseph Ribkoff,Regular_Fit,cutaway,short;sleeveless
https://fotos.skm.be/article/491264/491264_01_6299f942d8a6920011cb1b79.jpg,jumpsuit,feminine,lavander;purple,female,paisley,casual; dating,49126401030101,Nümph,Oversized_Fit,puff-sleeve;round-neck,3-4-sleeve;full-length
https://fotos.skm.be/article/501967/501967_03_63a4c14ae9ffc30011308a35.jpg,trousers_and_chinos,casual,green,female,plain,casual; nightout; semi-formal,50196703050101,Bianca,Regular_Fit,mid-waist;classic-trousers,full-length
https://fotos.skm.be/article/489351/489351_01_626a68bfba737d00110335d2.jpg,sweater,casual,bordeaux;purple,female,horizontal-stripes,home-lounge; winter,48935101020101,Nümph,Regular_Fit,straight-sleeve;crew-neck,short;long-sleeve
https://fotos.skm.be/article/492290/492290_01_61ddc714a45e8f0017e9c595.jpg,sweatshirt,casual,beige;ecru,female,animals; shapes,casual,49229001030101,Fabienne Chapot,Oversized_Fit,puff-sleeve;crew-neck,short;long-sleeve
https://fotos.skm.be/article/493499/493499_02_rl22w-c5000_f-002b_ow_f.jpg,tops,casual,white,female,animals; shapes; text-print,casual,49349902030101,River Woods,Regular_Fit,straight-sleeve;crew-neck,short;long-sleeve
https://fotos.skm.be/article/506012/506012_01_sunsetcurcuma-look12.jpg,sweater,casual,lavander,male,stripes,casual,50601201050101,Mayerline,Slim_Fit,flare-sleeve;v-neck,short;long-sleeve
https://fotos.skm.be/article/497380/497380_01_mayerline-t-shirtblouse-met-satijnen-front_S2023JADIE-V7814020-V.jpg,t-shirt,feminine,blue;mustard,unisex,leaf,casual,49738001050101,Mayerline,Regular_Fit,round-neck,short
https://fotos.skm.be/article/500585/500585_01_63f2432062244200108ecce5.jpg,dress,feminine,neon;yellow,female,plain,dating,50058501040101,Marc Cain Sports,Unknown,v-neck;a-line,sleeveless;midi
https://fotos.skm.be/article/497719/497719_01_63c8d775a9fbec0011f262c6.jpg,tank-top,casual,navy,female,glitter,casual,49771901050101,GERRY WEBER,Regular_Fit,v-neck;sleeveless,short
https://fotos.skm.be/article/503385/503385_01_03-14d.jpg,dress,casual,mustard;white,female,Unknown,casual,50338501040101,Caroline Biss,Unknown,dolman-sleeve;round-neck;pencil,short-sleeve;skirt-length-undefined
https://fotos.skm.be/article/501449/501449_01_shop-the-look.jpg,trousers_and_chinos,feminine,nan,male,Unknown,casual; dating,50144901040101,CKS,Flared_Fit,low-waist;classic-trousers,full-length
https://fotos.skm.be/article/483554/483554_01_90009-01-7706_01.jpg,dress,feminine,green;purple,female,diagonal-stripes; stripes,nightout; semi-formal; summer,48355401050101,Xandres Gold,Unknown,v-neck;a-line,sleeveless;midi
https://fotos.skm.be/article/487399/487399_01_61eda76bcf654000117035e4.jpg,tops,casual,black;silver,female,floral; leaf,casual; dating; semi-formal,48739901290101,Joseph Ribkoff,Oversized_Fit,straight-sleeve;round-neck,thigh-length;3-4-sleeve
https://fotos.skm.be/article/497165/497165_01_60844-01-1625_01.jpg,dress,casual,nan,female,floral; leaf,dating,49716501030101,Xandres,Unknown,straight-sleeve;v-neck;a-line,3-4-sleeve;midi
https://fotos.skm.be/article/477583/477583_02_6181defc0c0b3e0012c2d9db.jpg,sweater,casual,beige;ecru,female,horizontal-stripes,casual; home-lounge,47758302050101,GERRY WEBER CASUAL,Regular_Fit,straight-sleeve;crew-neck,short;long-sleeve
https://fotos.skm.be/article/496311/496311_01_63652a7d40359e00127eca8e.jpg,shirt,casual,ecru,female,plain,casual,49631101040101,Street One,Regular_Fit,straight-sleeve;cutaway,short;long-sleeve
https://fotos.skm.be/article/508891/508891_01_64785bfa9ccc880011b51e47.jpg,shirt,casual,ecru,female,plain,casual,50889101080101,Frapp,Oversized_Fit,straight-sleeve;polo,thigh-length;long-sleeve
https://fotos.skm.be/article/508216/508216_01_ACCENT_FW23_lookbook_031.jpg,skirt,casual,brown;white,male,abstract,casual,50821601080101,Accent,Unknown,high-waist;a-line,midi
https://fotos.skm.be/article/486126/486126_01_rl22s-c3005_a-000_s20009_f.jpg,dress,feminine,gray;white,female,vertical-stripes,dating,48612601030101,River Woods,Unknown,v-neck;pencil,sleeveless;midi
https://fotos.skm.be/article/479626/479626_01_61eda8bb90cff100106c4854.jpg,sweatpants,casual,blue;pastel,male,marled,casual,47962601030101,Joseph Ribkoff,Oversized_Fit,mid-waist,3-4-long
https://fotos.skm.be/article/498487/498487_01_5927ba37-0eac-4150-a8c8-43b9940502a8.jpg,trousers_and_chinos,casual,black,female,plain,casual; dating; nightout; semi-formal,49848701020101,Part Two,Regular_Fit,high-waist;chinos,full-length
https://fotos.skm.be/article/487269/487269_01_622a9569ae05b60011a21270.jpg,t-shirt,casual,bordeaux;white,male,brush-stroke,casual,48726901050101,GERRY WEBER,Regular_Fit,boat-neck,short
https://fotos.skm.be/article/501212/501212_02_8057590973148---TA3073J657951315-I-AF-N-R-1-N.jpg,trousers_and_chinos,casual,canyon-rose;coral,female,vertical-stripes,dating; nightout,50121202020101,Liu Jo Sport,Oversized_Fit,high-waist;classic-trousers,full-length
https://fotos.skm.be/article/499096/499096_01_147762-243-MC_22.jpg,dress,feminine,green,female,plain,casual; dating,49909601410101,Yoek,Unknown,straight-sleeve;v-neck;a-line,3-4-sleeve;midi
https://fotos.skm.be/article/482573/482573_01_6273ca8e30408b0012cda8f4.jpg,trousers_and_chinos,casual,lavander;yellow,female,leaf; natural,casual; semi-formal,48257301080101,Doris Streich,Slim_Fit,high-waist;classic-trousers,3-4-long
https://fotos.skm.be/article/508890/508890_01_64785c08be819a0010a659e2.jpg,jeans,casual,ecru,female,plain,casual,50889001080101,Frapp,Slim_Fit,mid-waist,3-4-long
https://fotos.skm.be/article/500588/500588_01_63f2437174b81000118f1ae5.jpg,jacket,casual,ecru,female,plain,casual; summer,50058801040101,Marc Cain Sports,Regular_Fit,straight-sleeve;polo;everyday-overclothes,short;3-4-sleeve
https://fotos.skm.be/article/496159/496159_01_632c79a7e2e84d0010943852.jpg,dress,feminine,turquoise,female,chevron,dating,49615901040101,Street One,Unknown,straight-sleeve;v-neck;a-line,3-4-sleeve;midi
https://fotos.skm.be/article/512686/512686_01_4545-10.jpg,trousers_and_chinos,casual,black,female,plain,casual,51268601040101,Caroline Biss,Flared_Fit,high-waist;classic-trousers,full-length
https://fotos.skm.be/article/496679/496679_01_62fa107832a85a0011ad5caa.jpg,polo-shirt,casual,blue;pastel,male,horizontal-stripes,casual,49667901050101,Rabe,Regular_Fit,straight-sleeve,short;short-sleeve
https://fotos.skm.be/article/511617/511617_01_Hires-23163674-FNT.jpg,dress,feminine,black,female,stripes; vertical-stripes,dating; semi-formal,51161701030101,Scotch & Soda,Unknown,straight-sleeve;v-neck;a-line,3-4-sleeve;mini
https://fotos.skm.be/article/479612/479612_01_211905p-1-WEB.jpg,jacket,casual,blue,male,bleached,casual,47961201020101,Joseph Ribkoff,Regular_Fit,straight-sleeve;polo;denim-overclothes,short;long-sleeve
https://fotos.skm.be/article/500623/500623_01_637b97bec708490011eb1b15.jpg,blouse,casual,blue,female,plain,dating; semi-formal,50062301040101,Marc Cain,Regular_Fit,puff-sleeve;round-v-neck,short;long-sleeve
https://fotos.skm.be/article/495274/495274_02_62975eab11e4f5001162c1e5.jpg,sweater,casual,brown,female,marled,home-lounge; winter,49527402080101,Frapp,Oversized_Fit,straight-sleeve;v-neck,short;long-sleeve
https://fotos.skm.be/article/495269/495269_01_62de7933c77d8100110f338e.jpg,shirt,business,gray,male,Unknown,casual,49526901080101,Frapp,Oversized_Fit,puff-sleeve;polo,thigh-length;long-sleeve
https://fotos.skm.be/article/502890/502890_01_Schermafbeelding-2023-02-14-162736.jpg,dress,feminine,white,female,animals; floral; fruits; leaf,casual; dating,50289001040101,Nenette,Unknown,flare-sleeve;round-neck;a-line,3-4-sleeve;midi
https://fotos.skm.be/article/488928/488928_01_223190-178-2-WEB.jpg,dress,feminine,black;white,female,floral; leaf,casual; dating,48892801110101,Joseph Ribkoff,Unknown,straight-sleeve;v-neck;a-line,3-4-sleeve;mini
https://fotos.skm.be/article/500945/500945_04_63ef90997b95a800109d3465.jpg,polo-shirt,casual,magenta,female,varsity-striped,casual,50094504040101,BRAX,Regular_Fit,straight-sleeve,short;short-sleeve
https://fotos.skm.be/article/494593/494593_02_AVALI_green2.jpg,dress,sophisticated,emerald-green,male,plain,casual; semi-formal,49459302040101,FAM the label,Unknown,straight-sleeve;v-neck;a-line,3-4-sleeve;midi
https://fotos.skm.be/article/497725/497725_01_63bcdee293d88e00114ed6dc.jpg,trousers_and_chinos,casual,nan,unisex,plain,casual; semi-formal,49772501050101,GERRY WEBER,Regular_Fit,mid-waist;classic-trousers,full-length
https://fotos.skm.be/article/508685/508685_01_PL953361_323_02_MO.jpg,dress,feminine,pastel,female,plain; vertical-stripes,casual; dating; nightout; semi-formal,50868501020101,Pepe Jeans,Unknown,puff-sleeve;a-line,long-sleeve;mini
https://fotos.skm.be/article/494009/494009_01_153088R-11-5-WEB.jpg,trousers_and_chinos,casual,black,female,plain,casual; nightout; semi-formal; winter,49400901230101,Joseph Ribkoff,Oversized_Fit,mid-waist;classic-trousers,full-length
https://fotos.skm.be/article/483394/483394_01_28451-01-1841_01.jpg,sweater,casual,ecru,female,vertical-stripes,casual,48339401020101,Xandres,Slim_Fit,straight-sleeve;boat-neck,cropped;short-sleeve
https://fotos.skm.be/article/480409/480409_01_21-222-KIDY1-207_B.jpg,dress,feminine,gold,female,brocade; floral; leaf,dating,48040901050101,Gigue,Unknown,straight-sleeve;v-neck;a-line,short-sleeve;midi
https://fotos.skm.be/article/498276/498276_02_63a077e7b64d820011fb6125.jpg,blouse,casual,gray;lavander,unisex,abstract,casual,49827602030101,Scotch & Soda,Oversized_Fit,straight-sleeve;high-neck,thigh-length;long-sleeve
https://fotos.skm.be/article/484087/484087_01_03-01b.jpg,dress,casual,orange,female,plain,dating; nightout; summer,48408701040101,Caroline Biss,Unknown,flutter-sleeve;high-neck;a-line,sleeveless;maxi
https://fotos.skm.be/article/483574/483574_01_81885-01-1310_01.jpg,trousers_and_chinos,casual,blue,female,vertical-stripes,casual,48357401080101,Xandres Gold,Regular_Fit,high-waist;classic-trousers,3-4-long
https://fotos.skm.be/article/483127/483127_01_124564GNF_10_l_model.jpg,dress,casual,green,male,Unknown,casual; summer,48312701020101,CKS,Unknown,flutter-sleeve;round-neck;a-line,short-sleeve;mini
https://fotos.skm.be/article/490599/490599_01_6201812aa34822001186ed1a.jpg,cardigan,casual,beige;brown,female,marled,winter,49059901020101,ONLY,Regular_Fit,straight-sleeve;v-neck,short;long-sleeve
https://fotos.skm.be/article/477512/477512_02_61fe7d889747cc00115bbf0a.jpg,jeans,casual,blue,female,plain,casual,47751202050101,GERRY WEBER,Slim_Fit,mid-waist,full-length
https://fotos.skm.be/article/507575/507575_01_battic-lange-jurk.jpg,dress,feminine,red;turquoise,unisex,leaf,dating; summer,50757501030101,CKS,Unknown,puff-sleeve;v-neck;mermaid,short-sleeve;midi
https://fotos.skm.be/article/499793/499793_01_63af098a42ec9b0011b199e9.jpg,trousers_and_chinos,casual,navy,female,plain,dating; nightout; office; semi-formal,49979301100501,Street One,Regular_Fit,high-waist;classic-trousers,full-length
https://fotos.skm.be/article/479492/479492_01_Screenshot-2022-05-06-at-15-29-51.png,blouse,casual,white,female,abstract,casual; home-lounge; summer,47949201040101,Fabienne Chapot,Regular_Fit,straight-sleeve;round-v-neck,cropped;short-sleeve
https://fotos.skm.be/article/496648/496648_01_632d978367a5aa0011df6722.jpg,t-shirt,casual,gray;green,unisex,animals; text-print,casual,49664801050101,Rabe,Oversized_Fit,crew-neck,short
https://fotos.skm.be/article/483906/483906_02_Screenshot-2022-06-13-at-10-41-37.png,tunic,casual,red,female,plain,casual; semi-formal,48390602410101,Yoek,Oversized_Fit,straight-sleeve;square-neck,thigh-length;short-sleeve
https://fotos.skm.be/article/497756/497756_01_63db04145e3dc200116bc2ea.jpg,dress,casual,lavander;purple,female,chevron,casual; dating; semi-formal,49775601050101,GERRY WEBER,Unknown,straight-sleeve;v-neck;a-line,short-sleeve;midi
https://fotos.skm.be/article/508689/508689_01_PL702008_0AA_01_MO.jpg,cardigan,casual,black;green,female,horizontal-stripes,casual,50868901020101,Pepe Jeans,Regular_Fit,straight-sleeve;round-neck,cropped;long-sleeve
https://fotos.skm.be/article/507670/507670_01_W3YA59_D52Q1_MULG_1.jpg,jeans,casual,navy,female,bleached,casual,50767001260101,Guess,Flared_Fit,mid-waist,full-length
https://fotos.skm.be/article/502184/502184_01_6412293fd6973e001114c5af.jpg,dress,feminine,blue;gold,female,floral,casual; dating,50218401040101,Fabienne Chapot,Unknown,straight-sleeve;v-neck;a-line,3-4-sleeve;midi
https://fotos.skm.be/article/500885/500885_01_63d858f540790e0010a8974b.jpg,trousers_and_chinos,casual,ecru,unisex,plain,casual; nightout; semi-formal,50088501030101,RAPHAELA by BRAX,Slim_Fit,high-waist;classic-trousers,full-length
https://fotos.skm.be/article/504990/504990_01_63a07a521d61560011c71652.jpg,dress,feminine,ecru;white,female,floral,beach; dating; summer,50499001030101,Scotch & Soda,Unknown,flutter-sleeve;round-v-neck;pencil,short-sleeve;mini
https://fotos.skm.be/article/506707/506707_01_64d8f626dfbf150011137c46.jpg,sweater,casual,beige;black,female,animal-print; zebra,casual; home-lounge; winter,50670701040101,Marc Cain Sports,Regular_Fit,straight-sleeve;crew-neck,short;long-sleeve
https://fotos.skm.be/article/485349/485349_02_62151c53b692450010955f9e.jpg,trousers_and_chinos,casual,yellow,female,plain,casual; nightout,48534902050101,TONI,Slim_Fit,high-waist;classic-trousers,3-4-long
https://fotos.skm.be/article/506656/506656_01_64985a9d327ecf00107b2e2b.jpg,blazer,business,green,female,plain,formal; office; semi-formal,50665601040101,Marc Cain,Regular_Fit,straight-sleeve;notched-collar,thigh-length;long-sleeve
https://fotos.skm.be/article/511264/511264_01_8055130727619---TF3208MA63L22222-I-AO-N-B-5-N.jpg,dress,casual,black;brown,female,shapes,casual,51126401030101,Liu Jo Sport,Unknown,straight-sleeve;boat-neck;pencil,3-4-sleeve;mini
https://fotos.skm.be/article/478799/478799_02_60645c939e431100101563af.jpg,cardigan,casual,blue,female,harlequin; quilted,home-lounge; winter,47879902020101,ONLY,Oversized_Fit,straight-sleeve;v-neck,short;long-sleeve
https://fotos.skm.be/article/505481/505481_01_646515470e1c660011e0c6e1.jpg,sweatshirt,casual,beige;brown,female,tartan; windowpane,office; semi-formal,50548101050101,Betty Barclay,Regular_Fit,straight-sleeve,short;long-sleeve
